product_id,title,rating,ratings_count,initial_price,final_price,discount,discount_per2,currency,seller_name
20319780,RARE RABBIT,4.2,20,4299.0,3224.0,1075.0,25.0,INR,RADHAMANI TEXTILES PVT LTD
20286668,SHOWOFF,4.0,6,5780.0,1791.0,3989.0,69.0,INR,SHOWOFF
13842592,VASTRANAND,4.0,67,1195.0,1195.0,0.0,0.0,INR,Not Available
14088708,VASTRANAND,4.5,43,5700.0,5700.0,0.0,0.0,INR,Not Available
11515678,Soie,4.4,16,1240.0,1240.0,0.0,0.0,INR,Not Available
13913488,Trend Arrest,4.0,147,999.0,999.0,0.0,0.0,INR,Not Available
22424746,Kotty,4.3,10,1999.0,599.0,1400.0,70.0,INR,Kotty Lifestyle Pvt Ltd
21573924,Kids Ville,4.9,7,699.0,454.0,245.0,35.1,INR,Bioworld Merchandising (India) Pvt. Ltd.
12739096,N-Gal,0.0,0,1399.0,489.0,910.0,65.0,INR,KIAH FASHION HOUSE
15475818,Miaz Lifestyle,0.0,0,2499.0,974.0,1525.0,61.0,INR,Miaz lifestyle
15465822,indus route by Pantaloons,3.6,14,699.0,699.0,0.0,0.0,INR,Westbury Holdings Pvt Ltd_Pantaloons
15488894,Indian Terrain,4.4,65,2099.0,944.0,1155.0,55.0,INR,Indiflashmart
15523390,GRACIT,0.0,0,2189.0,831.0,1358.0,62.0,INR,Amitto
15615024,Sonata,4.5,24,1999.0,1999.0,0.0,0.0,INR,Truecom Retail
18207528,Tokyo Talkies,4.0,301,949.0,351.0,598.0,63.0,INR,Vision Star
15462106,GRACIT,0.0,0,2198.0,835.0,1363.0,62.0,INR,Amitto
15517918,HIGHLANDER,4.3,334,1349.0,512.0,837.0,62.0,INR,Flashstar Commerce
19867420,Arrow New York,0.0,0,2699.0,1214.0,1485.0,55.0,INR,ARVIND LIFESTYLE BRANDS LIMITED
12782442,LOCOMOTIVE,4.1,38,1999.0,559.0,1440.0,72.0,INR,RetailNet
12750218,HIGHLANDER,4.1,183,1499.0,479.0,1020.0,68.0,INR,Flashstar Commerce
15611202,Art Street,2.7,10,5000.0,950.0,4050.0,81.0,INR,EDGE SQUARE
15953946,Tokyo Talkies,4.3,392,1149.0,379.0,770.0,67.0,INR,Vision Star
16045418,Anouk,4.1,189,3499.0,839.0,2660.0,76.0,INR,OMNIPRESENT LIFESTYLE LLP
15691182,A.T.U.N.,3.1,18,1499.0,899.0,600.0,40.0,INR,VKNP Designs Pvt Ltd
20253524,DULI,4.8,5,999.0,359.0,640.0,64.1,INR,Tempus Gems Pvt Ltd
17697810,Timex,4.5,69,1995.0,1596.0,399.0,20.0,INR,TIMEHUT RETAIL (INDIA) PRIVATE LIMITED
19682664,Amrutam Fab,3.4,5,1999.0,1999.0,0.0,0.0,INR,Not Available
12416610,Amrutam Fab,2.8,6,2999.0,2999.0,0.0,0.0,INR,Not Available
17671750,Baggit,4.3,342,1290.0,580.0,710.0,55.0,INR,Baggit India Pvt LTD
17649186,eCraftIndia,4.9,8,799.0,479.0,320.0,40.1,INR,INTELLOZENE
17700966,Zivame,3.9,27,1699.0,1002.0,697.0,41.0,INR,MILASTAR RETAIL PRIVATE LIMITED
17705904,HIGHLANDER,3.8,110,1049.0,449.0,600.0,57.2,INR,S & S Marketing
17646738,TRUe FRoG,4.2,18,545.0,545.0,0.0,0.0,INR,EarthyBlend Private Limited
17720728,ZEVORA,4.1,34,1499.0,374.0,1125.0,75.1,INR,Avenue Overseas Pvt Ltd
17677530,indus route by Pantaloons,4.1,14,1049.0,587.0,462.0,44.0,INR,Westbury Holdings Pvt Ltd_Pantaloons
17665478,Kuons Avenue,0.0,0,2999.0,1299.0,1700.0,56.7,INR,Ankit Apparels
17664076,CHIMPAAANZEE,4.3,91,999.0,649.0,350.0,35.0,INR,CHIMPAAANZEE LIFESTYLE PVT LTD
17697764,Timex,4.2,52,1995.0,1097.0,898.0,45.0,INR,Supercom Net
17605576,BOLDFIT,4.4,18,999.0,799.0,200.0,20.0,INR,BLING BRANDS PRIVATE LIMITED - SJIT
17653886,RANDOM,4.2,21,2495.0,424.0,2071.0,83.0,INR,HALOS CREATIONS PRIVATE LIMITED
17691562,Kiddeo,4.2,15,1999.0,599.0,1400.0,70.0,INR,KR TEX
17732148,LastInch,4.3,6,999.0,999.0,0.0,0.0,INR,LAST INCH APPAREL PRIVATE LIMITED
17706434,KETCH,3.1,10,1249.0,499.0,750.0,60.0,INR,S & S Marketing
17732904,HIGHLANDER,3.5,52,1399.0,599.0,800.0,57.2,INR,S & S Marketing
17579964,KETCH,3.6,33,1349.0,350.0,999.0,74.1,INR,Supercom Net
17653836,RANDOM,4.4,5,2245.0,381.0,1864.0,83.0,INR,HALOS CREATIONS PRIVATE LIMITED
17734196,LOCOMOTIVE,3.9,207,1599.0,549.0,1050.0,65.7,INR,S & S Marketing
20872054,Vardha,0.0,0,5299.0,2013.0,3286.0,62.0,INR,FASHION HUB
22366398,Styli,3.7,6,1749.0,1749.0,0.0,0.0,INR,Not Available
20840564,YESSBENZA,3.9,9,1799.0,1799.0,0.0,0.0,INR,Raaq Creation
20904180,JOKER & WITCH,0.0,0,8697.0,1565.0,7132.0,82.0,INR,JW Brands Private Limited
21124752,Vero Moda,3.7,27,2599.0,909.0,1690.0,65.0,INR,VERO MODA RETAIL PVT LTD
20726662,BYFORD by Pantaloons,3.7,6,999.0,629.0,370.0,37.0,INR,Westbury Holdings Pvt Ltd_Pantaloons
21140922,Pepe Jeans,4.3,20,3799.0,1709.0,2090.0,55.0,INR,Vision Star
21189384,her by invictus,3.7,27,1398.0,489.0,909.0,65.0,INR,Supercom Net
21207914,Gini and Jony,0.0,0,599.0,293.0,306.0,51.1,INR,Gini & Jony Ltd
21199848,Calvin Klein Jeans,4.7,13,3499.0,2099.0,1400.0,40.0,INR,Platinum Fashions
10182313,Style Quotient,1.5,2,999.0,379.0,620.0,62.1,INR,Krislon Synthetics Pvt.Ltd
19744486,Vardha,0.0,0,4599.0,2023.0,2576.0,56.0,INR,FASHION HUB
15475036,JAINISH,3.8,5,1999.0,539.0,1460.0,73.0,INR,INDIAN NEEDLE PRIVATE LIMITED
19869086,ONLY,3.7,28,2999.0,1199.0,1800.0,60.0,INR,ONLY RETAIL PVT LTD
20613878,V-Mart,3.9,11,550.0,550.0,0.0,0.0,INR,V-Mart Retail Limited
19664150,Tommy Hilfiger,3.5,11,3299.0,2639.0,660.0,20.0,INR,Brand Concepts Limited
20172262,Louis Philippe Sport,2.3,6,2799.0,1931.0,868.0,31.0,INR,Westbury Holdings Pvt Ltd_Madura
19106800,VASTRANAND,3.8,182,6500.0,6500.0,0.0,0.0,INR,Not Available
11755286,Helix,4.4,9,2195.0,878.0,1317.0,60.0,INR,Truecom Retail
21219162,Gini and Jony,4.4,13,899.0,449.0,450.0,50.1,INR,GINI & JONY  LIMITED
8978755,999Store,3.9,26,3999.0,679.0,3320.0,83.0,INR,AML Electronics
8061391,VALIOSAA,4.1,79,2895.0,1708.0,1187.0,41.0,INR,ATMOSTEPS WORLDWIDE
20375102,Kids Ville,4.7,23,699.0,419.0,280.0,40.1,INR,Bioworld Merchandising (India) Pvt. Ltd.
18046980,Naughty Ninos,4.7,15,1699.0,798.0,901.0,53.0,INR,NAUGHTY NINOS PVT LTD (JIT)
14864062,Tokyo Talkies,4.2,504,499.0,349.0,150.0,30.1,INR,S & S Marketing
14695262,LOREM,4.2,11,1499.0,434.0,1065.0,71.0,INR,NEXT FASHION
21344712,French Connection,4.4,44,2499.0,874.0,1625.0,65.0,INR,Truecom Retail
21511116,Disney,5.0,5,699.0,419.0,280.0,40.1,INR,TRUCAREKIDZ INDIA PRIVATE LIMITED
21288750,kasee,3.6,12,4999.0,1698.0,3301.0,66.0,INR,KASEE
19479068,Soch,3.5,4,2098.0,2098.0,0.0,0.0,INR,Not Available
19319436,all about you,4.2,33,3999.0,3999.0,0.0,0.0,INR,Not Available
21472052,HIGHLANDER,3.9,151,1799.0,599.0,1200.0,66.7,INR,S & S Marketing
21367540,Eske,0.0,0,4999.0,1299.0,3700.0,74.0,INR,Eske Global Fashions Private Limited
21472008,HIGHLANDER,3.9,81,2049.0,649.0,1400.0,68.3,INR,S & S Marketing
21440734,Kook N Keech,3.7,79,1099.0,417.0,682.0,62.1,INR,Indiflashmart
14670302,Baggit,4.3,202,1290.0,451.0,839.0,65.0,INR,Supercom Net
22423596,Vardha,0.0,0,4599.0,2023.0,2576.0,56.0,INR,FASHION HUB
22430320,Dynamocks,4.3,3,249.0,221.0,28.0,11.2,INR,Ambission Fashion Ventures LLP
22427662,Tokyo Talkies,4.4,151,999.0,399.0,600.0,60.1,INR,S & S Marketing
22368726,LOUIS STITCH,4.8,12,6999.0,2519.0,4480.0,64.0,INR,Gunmetal Stitches PRIVATE LIMITED
14747122,HOOM,4.0,14,299.0,299.0,0.0,0.0,INR,H.M.INTERNATIONAL
20180282,French Connection,4.1,10,7250.0,1812.0,5438.0,75.0,INR,ILG INDIA FASHION LLP
16690126,Creeva,0.0,0,2199.0,949.0,1250.0,56.8,INR,SOFTEK SURYA INDIA PVT LTD
16668420,Relish,4.5,8,999.0,399.0,600.0,60.1,INR,MANVIK CREATION
16695992,Van Heusen,4.2,23,669.0,535.0,134.0,20.0,INR,RetailNet
18064370,Vero Moda,4.5,48,2599.0,779.0,1820.0,70.0,INR,Kapsons Retail Pvt. Ltd.
18069166,Levis,4.3,341,2699.0,2159.0,540.0,20.0,INR,Vision Star
18046992,Naughty Ninos,4.6,24,1699.0,798.0,901.0,53.0,INR,NAUGHTY NINOS PVT LTD (JIT)
21172214,The Indian Garage Co,3.8,37,2099.0,545.0,1554.0,74.0,INR,THE INDIAN GARAGE CO.
22346304,Vardha,0.0,0,5999.0,2879.0,3120.0,52.0,INR,FASHION HUB
12806356,VASTRANAND,4.4,80,1195.0,1195.0,0.0,0.0,INR,Not Available
22553612,AD By Arvind,4.4,8,1099.0,681.0,418.0,38.0,INR,ARVIND LIMITED
21142148,HERE&NOW,3.9,147,599.0,219.0,380.0,63.4,INR,GARG ACRYLICS LTD.
21201236,AMERICAN EAGLE OUTFITTERS,4.5,10,1399.0,839.0,560.0,40.0,INR,Supercom Net
21192882,Allen Solly,3.6,9,2199.0,1649.0,550.0,25.0,INR,Westbury Holdings Pvt Ltd_Madura
21199730,Calvin Klein Jeans,4.1,10,2999.0,1799.0,1200.0,40.0,INR,Platinum Fashions
20924006,Allen Solly,3.7,6,2799.0,2099.0,700.0,25.0,INR,Westbury Holdings Pvt Ltd_Madura
11755446,Helix,3.0,2,1645.0,822.0,823.0,50.0,INR,TIMEHUT RETAIL (INDIA) PRIVATE LIMITED
11758242,Hidesign,3.5,21,2595.0,2595.0,0.0,0.0,INR,Hidesign India Private Limited
11718696,SOJANYA,0.0,0,5499.0,1319.0,4180.0,76.0,INR,SHRI RAM ENTERPRISES
11645608,Timex,4.1,10,2495.0,1372.0,1123.0,45.0,INR,Supercom Net
11747542,Helix,0.0,0,1995.0,997.0,998.0,50.0,INR,TIMEHUT RETAIL (INDIA) PRIVATE LIMITED
16906358,Taavi,3.7,37,2299.0,551.0,1748.0,76.0,INR,Supercom Net
14972496,Rizzly,2.8,11,1999.0,299.0,1700.0,85.0,INR,Jay Khodal Creation
14981712,Daniel Klein,3.5,6,4250.0,2125.0,2125.0,50.0,INR,RetailNet
14998654,BYFORD by Pantaloons,3.2,12,899.0,611.0,288.0,32.0,INR,Westbury Holdings Pvt Ltd_Pantaloons
14999324,CARLINGTON,1.0,1,3999.0,919.0,3080.0,77.0,INR,CWC SALES PRIVATE LIMITED
15017834,Rizzly,3.4,21,999.0,399.0,600.0,60.1,INR,Jay Khodal Creation
15017838,Rizzly,4.0,6,1999.0,399.0,1600.0,80.0,INR,Jay Khodal Creation
15006932,Rajnandini,4.0,22,1663.0,465.0,1198.0,72.0,INR,JAINAM OVERSEAS PVT LTD
22328680,The Indian Garage Co,4.0,18,2249.0,584.0,1665.0,74.0,INR,THE INDIAN GARAGE CO.
22159618,Gini and Jony,0.0,0,1049.0,534.0,515.0,49.1,INR,GINI & JONY  LIMITED
20253476,Sethukrishna,0.0,0,2658.0,1435.0,1223.0,46.0,INR,SETHUKRISHNA STORES
12168090,DailyObjects,0.0,0,1599.0,991.0,608.0,38.0,INR,Firki Wholesale Private Limited
22641462,Reslag,4.2,13,1999.0,599.0,1400.0,70.0,INR,HANUMAN FASHION
17818002,Trendyol,4.4,8,1999.0,1999.0,0.0,0.0,INR,Not Available
17817404,Trendyol,3.9,7,1299.0,1299.0,0.0,0.0,INR,Not Available
20483670,Tokyo Talkies,4.3,104,799.0,799.0,0.0,0.0,INR,Not Available
17879688,Miss Poem,3.0,5,1699.0,1189.0,510.0,30.0,INR,Supercom Net
15500290,BownBee,4.8,5,2579.0,1237.0,1342.0,52.0,INR,Bownbee Fashions Private Limited
18124866,Tokyo Talkies,4.1,205,1049.0,1049.0,0.0,0.0,INR,Not Available
12734350,TAG 7,4.1,19,2550.0,841.0,1709.0,67.0,INR,GENERATION
12850708,eCraftIndia,4.1,7,799.0,479.0,320.0,40.1,INR,INTELLOZENE
15523116,GRACIT,0.0,0,2189.0,831.0,1358.0,62.0,INR,Amitto
15459250,Zivame,3.9,152,1295.0,738.0,557.0,43.0,INR,MILASTAR RETAIL PRIVATE LIMITED
15523100,GRACIT,0.0,0,2189.0,831.0,1358.0,62.0,INR,Amitto
15517964,HIGHLANDER,4.2,137,1249.0,362.0,887.0,71.0,INR,Flashstar Commerce
16099742,Tokyo Talkies,4.2,1363,749.0,399.0,350.0,46.7,INR,S & S Marketing
15926488,Jack & Jones,4.6,50,999.0,499.0,500.0,50.1,INR,Kapsons Retail Pvt. Ltd.
16384626,flaher,2.3,3,3450.0,1380.0,2070.0,60.0,INR,FLAHER CLOTHING
15716684,Lounge Dreams,4.2,5,1999.0,1199.0,800.0,40.0,INR,LOUNGE DREAMS CLOTHING PRIVATE LIMITED
15752184,ROMEE,3.8,20,3299.0,758.0,2541.0,77.0,INR,Supercom Net
17821724,Fostelo,3.8,8,1999.0,449.0,1550.0,77.5,INR,Promunt Online Services Pvt Ltd
17646732,TRUe FRoG,3.9,7,545.0,545.0,0.0,0.0,INR,EarthyBlend Private Limited
17697734,Timex,4.4,13,2995.0,1647.0,1348.0,45.0,INR,Supercom Net
17580030,LOCOMOTIVE,4.2,159,1349.0,553.0,796.0,59.0,INR,RetailNet
17722260,Kook N Keech,3.8,51,899.0,899.0,0.0,0.0,INR,Inzex textile pvt ltd
17734688,VAIRAGEE,3.8,5,1999.0,799.0,1200.0,60.0,INR,Vivera International
17671692,Baggit,4.6,144,1390.0,625.0,765.0,55.0,INR,Baggit India Pvt LTD
17657064,HIGHLANDER,4.0,205,1349.0,472.0,877.0,65.0,INR,Flashstar Commerce
17671768,Baggit,4.3,39,1290.0,387.0,903.0,70.0,INR,Supercom Net
17697582,Timex,4.4,22,4495.0,3596.0,899.0,20.0,INR,TIMEHUT RETAIL (INDIA) PRIVATE LIMITED
17697698,Timex,4.8,11,2295.0,1836.0,459.0,20.0,INR,TIMEHUT RETAIL (INDIA) PRIVATE LIMITED
17732952,Allen Solly,4.5,105,1999.0,1799.0,200.0,10.0,INR,RetailNet
17584396,KISAH,0.0,0,9999.0,3699.0,6300.0,63.0,INR,Kisah Apparels Private Limited
17668978,Eske,0.0,0,4499.0,1299.0,3200.0,71.1,INR,Eske Global Fashions Private Limited
17576376,Vellasio,4.4,8,458.0,458.0,0.0,0.0,INR,Ovello Life Care
17674376,Belwaba,4.4,5,3925.0,1175.0,2750.0,70.1,INR,PARAS EXPORTS INTERNATIONAL LIMITED
17686080,Crimsoune Club,3.8,4,1799.0,899.0,900.0,50.0,INR,MANGLA APPARELS INDIA PVT LTD
17669212,GANT,4.2,5,8999.0,4499.0,4500.0,50.0,INR,Samarth  Lifestyle Retailing Pvt. Ltd.
21937030,Stylecast X Hersheinbox,4.7,14,1074.0,1074.0,0.0,0.0,INR,Not Available
17582646,20Dresses,4.0,10,1595.0,1595.0,0.0,0.0,INR,OUTLETWISE RETAIL PVT LTD
17757090,AVOLT,4.5,6,1999.0,519.0,1480.0,74.0,INR,AFIFA INTERNATIONAL
17725186,Nibosi,2.9,8,4499.0,2490.0,2009.0,44.7,INR,Br enterprises
17667796,LOCOMOTIVE,3.9,96,899.0,251.0,648.0,72.1,INR,RetailNet
17677522,indus route by Pantaloons,4.5,30,999.0,529.0,470.0,47.0,INR,Westbury Holdings Pvt Ltd_Pantaloons
17602270,Nibosi,3.9,28,4999.0,2299.0,2700.0,54.0,INR,Br enterprises
17697612,Timex,4.8,5,5795.0,4636.0,1159.0,20.0,INR,TIMEHUT RETAIL (INDIA) PRIVATE LIMITED
17734690,VAIRAGEE,2.9,8,1999.0,799.0,1200.0,60.0,INR,Vivera International
17691352,Biolage,4.5,670,400.0,400.0,0.0,0.0,INR,Supercom Net
17658286,BYFORD by Pantaloons,3.8,11,999.0,589.0,410.0,41.0,INR,Westbury Holdings Pvt Ltd_Pantaloons
17650628,ETIQUETTE,3.5,8,1299.0,649.0,650.0,50.0,INR,RIYA FASHIONS
17705926,HIGHLANDER,4.2,33,1449.0,608.0,841.0,58.0,INR,Flashstar Commerce
17555798,V2A,4.8,8,1999.0,990.0,1009.0,50.5,INR,Br enterprises
17709764,MALHAAR,4.8,6,1349.0,687.0,662.0,49.1,INR,BEDTIME STORIES LLP
17666678,Cantabil,4.6,7,2499.0,849.0,1650.0,66.0,INR,Cantabil Retail India Limited
17667792,LOCOMOTIVE,3.7,75,1449.0,434.0,1015.0,70.0,INR,RetailNet
15499356,AAKRITI ART CREATIONS,4.5,2,2339.0,1496.0,843.0,36.0,INR,AAKRITI ART CREATIONS
21340992,VividArtsy,0.0,0,1199.0,899.0,300.0,25.0,INR,UNIQSTOP PRIVATE LIMITED
21198562,MANGO,3.2,18,3690.0,1845.0,1845.0,50.0,INR,Truenet Commerce
20720200,SASSAFRAS,3.9,25,1999.0,699.0,1300.0,65.0,INR,Truecom Retail
21140920,Pepe Jeans,4.0,28,3599.0,2699.0,900.0,25.0,INR,PEPE JEANS INDIA LIMITED
21228038,Milton,4.0,21,2200.0,1640.0,560.0,25.5,INR,Hamilton Housewares Private Limited
21194638,Allen Solly Junior,3.7,10,999.0,649.0,350.0,35.0,INR,Westbury Holdings Pvt Ltd_Madura
20948494,Keviv,0.0,0,1499.0,359.0,1140.0,76.1,INR,VS RETAILER
21152670,Kibo,4.2,10,1499.0,584.0,915.0,61.0,INR,LUEUR VESTURES PRIVATE LIMITED
21227644,Gini and Jony,0.0,0,1199.0,791.0,408.0,34.0,INR,Gini & Jony Ltd
21227520,Gini and Jony,0.0,0,1399.0,965.0,434.0,31.0,INR,Gini & Jony Ltd
20747490,Arrow New York,4.9,7,2599.0,2599.0,0.0,0.0,INR,ARVIND LIFESTYLE BRANDS LIMITED
21227550,Gini and Jony,0.0,0,1049.0,702.0,347.0,33.1,INR,Gini & Jony Ltd
21421914,Baggit,4.7,9,990.0,544.0,446.0,45.1,INR,Supercom Net
21759814,The Pink Moon,2.7,7,2499.0,1399.0,1100.0,44.0,INR,Tailwind Fashion Pvt Ltd
1281034,Nucleus,0.0,0,6500.0,2600.0,3900.0,60.0,INR,WHISTLING CONSULTING GROUP
12816476,HERE&NOW,4.2,1759,599.0,233.0,366.0,61.1,INR,Omnitech Retail
20204100,Milton,4.4,112,660.0,528.0,132.0,20.0,INR,Hamilton Housewares Private Limited
12816450,HERE&NOW,4.0,1443,649.0,649.0,0.0,0.0,INR,Omnitech Retail
20227106,BESIMPLE,0.0,0,1600.0,699.0,901.0,56.3,INR,Besimple Clothing Pvt Ltd
18438394,V-Mart,2.7,6,399.0,399.0,0.0,0.0,INR,V-Mart Retail Limited
19767606,KiddoPanti,0.0,0,649.0,402.0,247.0,38.1,INR,Krimson Apparel Private Limited
22544322,VALEN CLUB,0.0,0,1899.0,379.0,1520.0,80.0,INR,B.S ENTERPRISES
22550182,Daniel Klein,3.8,5,9000.0,4500.0,4500.0,50.0,INR,DESIGNER PROGRESSIVE INDIA LLP
19095452,StyFun,0.0,0,2599.0,477.0,2122.0,81.6,INR,V.K.Enterprise
8901839,UNDER ARMOUR,4.3,51,1999.0,1599.0,400.0,20.0,INR,UNDERDOG ATHLETICS INDIA PRIVATE LIMITED
18770518,Trendyol,3.8,17,899.0,719.0,180.0,20.0,INR,Supercom Net
9867281,SEJ by Nisha Gupta,3.9,18,3999.0,1199.0,2800.0,70.0,INR,SEJ FURNISHINGS PRIVATE LIMITED
20316466,GRIFFEL,5.0,5,2999.0,899.0,2100.0,70.0,INR,Griffel India
20215930,SAMTROH,4.7,6,999.0,299.0,700.0,70.1,INR,SAMTROH
18771408,DILLINGER,4.4,47,1499.0,449.0,1050.0,70.0,INR,Elcinco Inc - SJIT
14881340,UTH by Roadster,3.9,91,1099.0,769.0,330.0,30.0,INR,Supercom Net
16566240,ANI,4.3,32,2499.0,424.0,2075.0,83.0,INR,ANI CLOTHING
20158282,Disney,4.0,13,799.0,479.0,320.0,40.1,INR,TRUCAREKIDZ INDIA PRIVATE LIMITED
14904092,WildHorn,4.3,19,2699.0,566.0,2133.0,79.0,INR,ADL INTERNATIONAL
16546330,Shahnaz Husain,4.4,5,1320.0,1254.0,66.0,5.0,INR,Commerce Forever
1652696,WildHorn,4.2,56,2699.0,566.0,2133.0,79.0,INR,ADL INTERNATIONAL
21537668,MANGO,4.5,114,990.0,445.0,545.0,55.1,INR,Truenet Commerce
19744520,Vardha,0.0,0,4599.0,1839.0,2760.0,60.0,INR,FASHION HUB
22554314,ASPORA,4.4,11,3375.0,3375.0,0.0,0.0,INR,Not Available
21484986,Ms.Lingies,4.2,14,1099.0,549.0,550.0,50.0,INR,Aarti Apparels
21206948,Milton,0.0,0,2345.0,1876.0,469.0,20.0,INR,Hamilton Housewares Private Limited
22400174,Park Avenue,4.2,6,1199.0,659.0,540.0,45.0,INR,Flashstar Commerce
22390854,Ed-a-Mamma Baby,4.6,18,899.0,629.0,270.0,30.0,INR,ETERNALIA CREATIVE & MERCHANDISING PRIVATE LIMITED
22367928,Blissclub,4.2,15,2199.0,1699.0,500.0,22.7,INR,BLISSCLUB FITNESS PRIVATE LIMITED
16678904,SWISSTONE,4.2,6,1999.0,466.0,1533.0,76.7,INR,Supertrust Marketing
16676544,Relish,3.6,21,999.0,999.0,0.0,0.0,INR,MANVIK CREATION
18069302,Levis,3.9,811,2899.0,2319.0,580.0,20.0,INR,Vision Star
18069214,Levis,4.1,136,1499.0,719.0,780.0,52.0,INR,Levi Strauss India Pvt Ltd
18541268,Gini and Jony,4.4,7,699.0,342.0,357.0,51.1,INR,Gini & Jony Ltd
18066226,Cantabil,3.0,4,2399.0,839.0,1560.0,65.0,INR,Cantabil Retail India Limited
22433298,URBAN FOREST,0.0,0,2000.0,679.0,1321.0,66.0,INR,ALPHA COLLECTION
22543016,Celio,3.6,14,1399.0,755.0,644.0,46.0,INR,Flashtech Retail
22543020,Celio,4.3,6,1299.0,649.0,650.0,50.0,INR,CELIO FUTURE FASHION PVT LTD
21194648,Allen Solly Junior,4.6,5,1299.0,844.0,455.0,35.0,INR,Westbury Holdings Pvt Ltd_Madura
21227496,Pantaloons Junior,4.7,10,549.0,549.0,0.0,0.0,INR,Westbury Holdings Pvt Ltd_Pantaloons
21198416,MANGO,4.0,26,3090.0,1390.0,1700.0,55.0,INR,Truenet Commerce
21142172,HERE&NOW,3.7,168,699.0,251.0,448.0,64.1,INR,Omnitech Retail
20822400,Pepe Jeans,4.4,43,4299.0,1719.0,2580.0,60.0,INR,Vision Star
21151796,GOODHOMES,4.0,4,1095.0,733.0,362.0,33.1,INR,YSR INDUSTRIES PVT. LTD.
11755308,Helix,4.4,5,2195.0,1536.0,659.0,30.0,INR,TIMEHUT RETAIL (INDIA) PRIVATE LIMITED
11724382,even,4.4,79,1795.0,718.0,1077.0,60.0,INR,EVEN LEISURE APPARELS
11647826,WildHorn,4.0,10,2699.0,566.0,2133.0,79.0,INR,ADL INTERNATIONAL
11698060,Luke & Lilly,4.1,47,1299.0,675.0,624.0,48.0,INR,ASSPEE Group
11616334,SG RAJASAHAB,3.6,38,9199.0,2115.0,7084.0,77.0,INR,Satguru Garments
16938594,YK,4.5,60,1599.0,943.0,656.0,41.0,INR,Omnitech Retail
14966618,CARLINGTON,0.0,0,3999.0,834.0,3165.0,79.1,INR,CWC SALES PRIVATE LIMITED
15017800,Rizzly,3.7,6,1999.0,399.0,1600.0,80.0,INR,Jay Khodal Creation
14981728,Daniel Klein,4.0,6,5495.0,3516.0,1979.0,36.0,INR,DESIGNER PROGRESSIVE INDIA LLP
14981644,Daniel Klein,5.0,7,6450.0,4063.0,2387.0,37.0,INR,DESIGNER PROGRESSIVE INDIA LLP
15017802,Rizzly,3.4,8,1999.0,399.0,1600.0,80.0,INR,Jay Khodal Creation
14981694,Daniel Klein,3.4,5,6495.0,4091.0,2404.0,37.0,INR,DESIGNER PROGRESSIVE INDIA LLP
15002356,Jockey,4.5,115,639.0,639.0,0.0,0.0,INR,Page Industries Ltd
21981038,Tokyo Talkies,4.3,215,1699.0,549.0,1150.0,67.7,INR,S & S Marketing
22250788,DeFacto,0.0,0,1999.0,899.0,1100.0,55.0,INR,Supercom Net
22236782,Aristitch,0.0,0,699.0,433.0,266.0,38.1,INR,S S CLOTHING
20017856,FOREVER 21,3.8,5,1299.0,1299.0,0.0,0.0,INR,Westbury Holdings Pvt Ltd_Madura
22366388,Styli,2.7,3,1749.0,1749.0,0.0,0.0,INR,Not Available
17817572,Trendyol,4.6,28,999.0,999.0,0.0,0.0,INR,Not Available
17833506,Vero Moda,4.0,49,1799.0,1799.0,0.0,0.0,INR,Not Available
17803870,ZNX Clothing,3.5,4,1499.0,1499.0,0.0,0.0,INR,Not Available
13818508,VASTRANAND,3.9,10,5500.0,5500.0,0.0,0.0,INR,Not Available
13842606,VASTRANAND,3.8,29,1195.0,1195.0,0.0,0.0,INR,Not Available
14277150,Anouk,4.8,8,3099.0,3099.0,0.0,0.0,INR,Not Available
17822168,Tokyo Talkies,4.2,554,549.0,549.0,0.0,0.0,INR,Not Available
22628060,Gini and Jony,0.0,0,1199.0,695.0,504.0,42.0,INR,Gini & Jony Ltd
17861870,HRX by Hrithik Roshan,4.7,74,999.0,549.0,450.0,45.0,INR,Omnitech Retail
17924350,KALINI,3.7,170,2598.0,1299.0,1299.0,50.0,INR,J.R.DYEING & PRINTING MILLS PVT. LTD.
22162834,W,3.5,8,3699.0,2250.0,1449.0,39.2,INR,Eshopbox Ecommerce Pvt Ltd
17807876,Louis Philippe Sport,4.0,47,1999.0,1699.0,300.0,15.0,INR,Westbury Holdings Pvt Ltd_Madura
17721886,Athena,4.1,25,1499.0,299.0,1200.0,80.1,INR,APEX APPARELS
17926384,DULI,3.0,18,999.0,649.0,350.0,35.0,INR,Tempus Gems Pvt Ltd
22306390,Annabelle by Pantaloons,4.3,64,899.0,692.0,207.0,23.0,INR,Westbury Holdings Pvt Ltd_Pantaloons
20123864,Fastrack,4.6,77,1199.0,659.0,540.0,45.0,INR,Truecom Retail
15513274,Eske,0.0,0,4499.0,1299.0,3200.0,71.1,INR,Eske Global Fashions Private Limited
15517936,HIGHLANDER,3.8,1000,1299.0,599.0,700.0,53.9,INR,S & S Marketing
15462214,GRACIT,0.0,0,2198.0,835.0,1363.0,62.0,INR,Amitto
19944882,ONLY,4.8,32,1999.0,1999.0,0.0,0.0,INR,Not Available
17442820,Tokyo Talkies,3.8,135,1849.0,1849.0,0.0,0.0,INR,Not Available
15471580,Fastrack,4.4,43,950.0,855.0,95.0,10.0,INR,Truecom Retail
15462196,GRACIT,0.0,0,2198.0,835.0,1363.0,62.0,INR,Amitto
15619034,PERCLUTION ENTERPRISE,4.2,5,1399.0,531.0,868.0,62.0,INR,PERCLUTION ENTERPRISE
15463758,FOURFOLDS,3.7,10,3199.0,1695.0,1504.0,47.0,INR,Fourfolds Apparels Pvt Ltd
21604602,HRX by Hrithik Roshan,3.9,321,1499.0,584.0,915.0,61.0,INR,ANKITA IMPEX
15926472,Jack & Jones,4.5,74,999.0,499.0,500.0,50.1,INR,Kapsons Retail Pvt. Ltd.
15603518,Art Street,3.1,7,3000.0,510.0,2490.0,83.0,INR,EDGE SQUARE
15523124,GRACIT,0.0,0,2189.0,831.0,1358.0,62.0,INR,Amitto
15488916,Indian Terrain,4.3,55,2099.0,944.0,1155.0,55.0,INR,Indiflashmart
17673736,BOLDFIT,4.2,26,699.0,496.0,203.0,29.0,INR,BLING BRANDS PRIVATE LIMITED - SJIT
19887548,Roadster,3.9,37,3649.0,3649.0,0.0,0.0,INR,Not Available
17599036,Mamaearth,4.1,209,349.0,314.0,35.0,10.0,INR,Honasa Consumer Private Limited
17663982,CHIMPAAANZEE,4.4,5,899.0,449.0,450.0,50.1,INR,CHIMPAAANZEE LIFESTYLE PVT LTD
17644538,Libas,4.2,78,1399.0,517.0,882.0,63.0,INR,ZIVORE APPAREL PRIVATE LIMITED
17705930,HIGHLANDER,3.9,154,1349.0,553.0,796.0,59.0,INR,Flashstar Commerce
17671748,Baggit,4.0,87,1690.0,591.0,1099.0,65.0,INR,Supercom Net
17697652,Timex,4.8,12,1995.0,1596.0,399.0,20.0,INR,TIMEHUT RETAIL (INDIA) PRIVATE LIMITED
17665456,Kuons Avenue,0.0,0,2999.0,1299.0,1700.0,56.7,INR,Ankit Apparels
17664018,CHIMPAAANZEE,4.2,58,899.0,701.0,198.0,22.0,INR,CHIMPAAANZEE LIFESTYLE PVT LTD
17628830,Saral Home,0.0,0,749.0,411.0,338.0,45.1,INR,SARAL HOME EASY LIVING PRIVATE LIMITED
17639790,JASMEY HOMES,4.5,6,899.0,890.0,9.0,1.0,INR,House of Creations
17625394,Pink Fort,4.6,7,1895.0,1364.0,531.0,28.0,INR,Fable Street Lifestyle Solutions Private Limited
17644118,Indo Era,0.0,0,2199.0,681.0,1518.0,69.0,INR,ZENZIOR BRAND TECHNOLOGY PRIVATE LIMITED
17705918,HIGHLANDER,3.9,66,1149.0,459.0,690.0,60.1,INR,Flashstar Commerce
17712984,KIDS ONLY,3.3,10,2299.0,689.0,1610.0,70.0,INR,ONLY RETAIL PVT LTD
17665480,Kuons Avenue,0.0,0,2999.0,1299.0,1700.0,56.7,INR,Ankit Apparels
17579954,KETCH,3.7,34,1249.0,499.0,750.0,60.0,INR,S & S Marketing
17651708,Wicked Stitch,4.4,24,799.0,799.0,0.0,0.0,INR,POONAM BALUMAL BHAGYA
21937064,Stylecast X Hersheinbox,4.4,16,1074.0,1074.0,0.0,0.0,INR,Not Available
17944722,all about you,4.2,5,4499.0,4499.0,0.0,0.0,INR,Not Available
17669234,GANT,3.8,27,7999.0,3999.0,4000.0,50.0,INR,Samarth  Lifestyle Retailing Pvt. Ltd.
17626894,Nibosi,4.3,8,5199.0,2299.0,2900.0,55.8,INR,Br enterprises
17677534,indus route by Pantaloons,4.8,11,999.0,639.0,360.0,36.0,INR,Westbury Holdings Pvt Ltd_Pantaloons
13453634,JOKER & WITCH,3.5,14,5598.0,1119.0,4479.0,80.0,INR,JW Brands Private Limited
17564644,V2A,4.2,5,1999.0,1050.0,949.0,47.5,INR,Br enterprises
17666664,Cantabil,4.0,9,2499.0,974.0,1525.0,61.0,INR,Cantabil Retail India Limited
17697754,Timex,4.6,15,4995.0,3996.0,999.0,20.0,INR,TIMEHUT RETAIL (INDIA) PRIVATE LIMITED
17661090,itse,4.0,5,1399.0,1399.0,0.0,0.0,INR,OCHRE AND BLACK PRIVATE LIMITED
17691566,Kiddeo,4.5,8,1999.0,599.0,1400.0,70.0,INR,KR TEX
17697604,Timex,4.5,2,3195.0,2556.0,639.0,20.0,INR,TIMEHUT RETAIL (INDIA) PRIVATE LIMITED
17691340,Biolage,4.5,1373,200.0,200.0,0.0,0.0,INR,Supercom Net
17666672,Cantabil,4.0,10,2599.0,1013.0,1586.0,61.0,INR,Cantabil Retail India Limited
17709398,Berrylush,3.5,31,1599.0,799.0,800.0,50.0,INR,Supercom Net
17686112,Crimsoune Club,4.4,9,1799.0,899.0,900.0,50.0,INR,MANGLA APPARELS INDIA PVT LTD
17674384,Belwaba,4.5,6,3925.0,1175.0,2750.0,70.1,INR,PARAS EXPORTS INTERNATIONAL LIMITED
17691336,Biolage,4.5,354,590.0,590.0,0.0,0.0,INR,Supercom Net
17544364,Blackberrys,0.0,0,2395.0,1676.0,719.0,30.0,INR,Mohan Clothing co. Pvt. Ltd.
15523070,GRACIT,0.0,0,2189.0,831.0,1358.0,62.0,INR,Amitto
12764934,ellementry,4.9,18,1050.0,1050.0,0.0,0.0,INR,Dileep Essentials Pvt Ltd
21311420,Eske,0.0,0,1799.0,899.0,900.0,50.0,INR,Eske Global Fashions Private Limited
22366374,Styli,4.7,3,1749.0,1749.0,0.0,0.0,INR,Not Available
22425668,Tokyo Talkies,4.3,101,749.0,749.0,0.0,0.0,INR,Not Available
15197334,Hidesign,3.1,9,3195.0,3195.0,0.0,0.0,INR,Hidesign India Private Limited
21034850,Allen Solly Junior,4.4,53,1599.0,799.0,800.0,50.0,INR,Westbury Holdings Pvt Ltd_Madura
2113594,Van Heusen,4.5,89,738.0,553.0,185.0,25.1,INR,RetailNet
20625350,Zink London,4.3,13,1799.0,699.0,1100.0,61.1,INR,FRESCO GLOBAL PRIVATE LIMITED
20775878,Hubberholme,4.0,455,999.0,319.0,680.0,68.1,INR,Mensa Brand Technologies Private Limited
20904398,JOKER & WITCH,0.0,0,7197.0,1295.0,5902.0,82.0,INR,JW Brands Private Limited
21197718,Zigo,3.2,6,5429.0,1845.0,3584.0,66.0,INR,WOOLY'S COLLECTION
21213220,Shopping Queen,0.0,0,1699.0,495.0,1204.0,70.9,INR,Perfect Shopping
12768856,KISAH,0.0,0,9999.0,4199.0,5800.0,58.0,INR,Kisah Apparels Private Limited
12834010,Bewakoof,4.2,545,999.0,399.0,600.0,60.1,INR,Bewakoof Brands Private Limited
22493544,Unnati Silks,0.0,0,3398.0,1529.0,1869.0,55.0,INR,Unnati Silk Prints Pvt Ltd
22463924,URBAN FOREST,4.8,6,2500.0,899.0,1601.0,64.0,INR,ALPHA COLLECTION
19106742,VASTRANAND,3.7,6,6500.0,6500.0,0.0,0.0,INR,Not Available
18841248,Styli,3.2,5,899.0,899.0,0.0,0.0,INR,Not Available
21390744,kasee,4.0,28,5269.0,5269.0,0.0,0.0,INR,Not Available
19347610,Sangria,3.8,30,2999.0,1709.0,1290.0,43.0,INR,Supercom Net
20385940,Sztori,4.1,31,1799.0,557.0,1242.0,69.0,INR,Supercom Net
9236643,Varanga,4.1,1145,999.0,479.0,520.0,52.1,INR,KESHVI FASHION LLP
9280925,Tokyo Talkies,3.9,538,1149.0,310.0,839.0,73.0,INR,Vision Star
20354736,Baggit,4.5,43,1390.0,486.0,904.0,65.0,INR,Supercom Net
20248580,Kook N Keech Marvel,4.1,12,899.0,404.0,495.0,55.1,INR,CROSSROADS CLOTHING PVT LTD
17483410,VAIRAGEE,3.9,7,9500.0,1425.0,8075.0,85.0,INR,Vivera International
14881356,UTH by Roadster,4.2,19,1499.0,824.0,675.0,45.0,INR,Supercom Net
17503866,WALKWAY by Metro,4.5,11,699.0,699.0,0.0,0.0,INR,METRO BRANDS
17483534,VAIRAGEE,4.2,13,14250.0,2799.0,11451.0,80.4,INR,Vivera International
17537906,Tokyo Talkies,4.1,327,699.0,342.0,357.0,51.1,INR,Vision Star
14683950,D1 Milano,3.8,12,14800.0,11840.0,2960.0,20.0,INR,Designer World Brands LLP
16568892,LilPicks,4.3,92,1299.0,377.0,922.0,71.0,INR,Mensa Brand Technologies Private Limited
21470532,H&M,4.4,161,1299.0,1299.0,0.0,0.0,INR,H & M Hennes & Mauritz Retail Private Limited
21513090,Celio,4.4,9,3299.0,3299.0,0.0,0.0,INR,CELIO FUTURE FASHION PVT LTD
21400458,Levis,4.5,189,1299.0,701.0,598.0,46.0,INR,Levi Strauss India Pvt Ltd
21485000,Ms.Lingies,0.0,0,1099.0,549.0,550.0,50.0,INR,Aarti Apparels
21237196,WEAVERS VILLA,0.0,0,2999.0,1349.0,1650.0,55.0,INR,WEAVERS VILLA
21491278,Flying Machine,4.2,51,1999.0,1099.0,900.0,45.0,INR,ARVIND LIFESTYLE BRANDS LIMITED
14773564,RANDOM,4.8,14,2999.0,1109.0,1890.0,63.0,INR,HALOS CREATIONS PRIVATE LIMITED
16568278,nestroots,0.0,0,4390.0,1595.0,2795.0,63.7,INR,ADC BRANDS PVT. LTD.
14904058,WildHorn,4.4,5,2699.0,566.0,2133.0,79.0,INR,ADL INTERNATIONAL
20177864,Kara,0.0,0,2179.0,762.0,1417.0,65.0,INR,LEATHER LINE
21599918,Milton,4.0,7,1030.0,824.0,206.0,20.0,INR,Hamilton Housewares Private Limited
22368776,LOUIS STITCH,5.0,7,6999.0,2519.0,4480.0,64.0,INR,Gunmetal Stitches PRIVATE LIMITED
16690616,Creeva,0.0,0,2499.0,1149.0,1350.0,54.0,INR,SOFTEK SURYA INDIA PVT LTD
16673680,ASICS,5.0,4,4499.0,2249.0,2250.0,50.0,INR,Sports IQ
16683850,ATHLISIS,0.0,0,1799.0,701.0,1098.0,61.0,INR,Svx Sports
17981336,Tokyo Talkies,4.0,27,1149.0,436.0,713.0,62.1,INR,Vision Star
17947994,Campana,0.0,0,1195.0,717.0,478.0,40.0,INR,VMG CREATIONS
18468770,Alcis,3.7,9,1499.0,824.0,675.0,45.0,INR,Alcis Sports Pvt Ltd
18068948,Levis,4.4,73,1099.0,879.0,220.0,20.0,INR,Vision Star
21213246,Shopping Queen,0.0,0,1899.0,495.0,1404.0,73.9,INR,Perfect Shopping
19345170,United Colors of Benetton,4.0,25,2299.0,2299.0,0.0,0.0,INR,QPLEXUS PRIVATE LIMITED
21698844,VASTRANAND,3.8,18,7595.0,7595.0,0.0,0.0,INR,Not Available
15508286,Da Milano,4.8,6,3499.0,3499.0,0.0,0.0,INR,Not Available
21621354,Kryptic,3.9,12,1499.0,1499.0,0.0,0.0,INR,Not Available
12860414,JOKER & WITCH,4.5,11,5599.0,1119.0,4480.0,80.0,INR,JW Brands Private Limited
21158672,LilPicks,4.4,30,2799.0,812.0,1987.0,71.0,INR,Mensa Brand Technologies Private Limited
21213240,Shopping Queen,4.6,10,1699.0,495.0,1204.0,70.9,INR,Perfect Shopping
11698062,Luke & Lilly,4.1,41,1299.0,675.0,624.0,48.0,INR,ASSPEE Group
11740946,Eske,0.0,0,4299.0,1299.0,3000.0,69.8,INR,Eske Global Fashions Private Limited
14988722,CARLINGTON,0.0,0,3999.0,834.0,3165.0,79.1,INR,CWC SALES PRIVATE LIMITED
15017886,Rizzly,3.5,17,1999.0,399.0,1600.0,80.0,INR,Jay Khodal Creation
15188352,Titan,5.0,6,7745.0,5421.0,2324.0,30.0,INR,Titan Company Limited
15017884,Rizzly,3.8,6,1999.0,399.0,1600.0,80.0,INR,Jay Khodal Creation
15017230,Tommy Hilfiger,4.7,122,5799.0,2319.0,3480.0,60.0,INR,Flashtech Retail
15018884,VIMAL JONNEY,4.5,2,998.0,768.0,230.0,23.0,INR,Mack Hosiery
22239166,DIAZ,4.0,4,999.0,749.0,250.0,25.0,INR,Vihaan Inc
19645398,De Moza,4.6,33,449.0,426.0,23.0,5.1,INR,PIPIN FASHIONS AND RETAIL PRIVATE LIMITED - SJIT
1770998,SEJ by Nisha Gupta,4.3,24,1849.0,554.0,1295.0,70.0,INR,SEJ FURNISHINGS PRIVATE LIMITED
21937170,Stylecast X Hersheinbox,4.3,20,744.0,744.0,0.0,0.0,INR,Not Available
13940608,Veni Vidi Vici,4.6,30,1440.0,1440.0,0.0,0.0,INR,Not Available
12017348,VASTRANAND,3.6,5,3475.0,3475.0,0.0,0.0,INR,Not Available
22096250,KLOTTHE,4.4,10,3159.0,799.0,2360.0,74.7,INR,Fam Home
13861888,appulse,4.8,6,2198.0,1099.0,1099.0,50.0,INR,SUNRISE CREATIONS
17858588,Louis Philippe,4.1,232,2199.0,1539.0,660.0,30.0,INR,RetailNet
21620562,Kryptic,4.3,8,1249.0,499.0,750.0,60.0,INR,Brand Fortunes
15517754,GRACIT,0.0,0,2579.0,902.0,1677.0,65.0,INR,Amitto
15517782,GRACIT,0.0,0,2579.0,902.0,1677.0,65.0,INR,Amitto
15517710,GRACIT,0.0,0,2579.0,902.0,1677.0,65.0,INR,Amitto
16107250,URBANIC,3.0,3,1490.0,1192.0,298.0,20.0,INR,Supercom Net
15710502,Tiny Girl,4.0,5,965.0,386.0,579.0,60.0,INR,Tiny Girl Clothing Co Pvt.Ltd
15953908,Tokyo Talkies,4.2,241,1149.0,449.0,700.0,60.9,INR,S & S Marketing
15497136,JC Collection,5.0,2,3799.0,2469.0,1330.0,35.0,INR,Supercom Net
15517704,GRACIT,0.0,0,2579.0,902.0,1677.0,65.0,INR,Amitto
17697654,Timex,3.8,5,1995.0,1596.0,399.0,20.0,INR,TIMEHUT RETAIL (INDIA) PRIVATE LIMITED
17657620,Mikado,2.5,2,1299.0,324.0,975.0,75.1,INR,Sky E-commerce
17697446,Timex,4.6,37,2345.0,1289.0,1056.0,45.0,INR,Supercom Net
17653884,RANDOM,4.8,9,2495.0,424.0,2071.0,83.0,INR,HALOS CREATIONS PRIVATE LIMITED
12541756,VASTRANAND,4.3,8,4999.0,4999.0,0.0,0.0,INR,Not Available
17697556,Timex,4.3,8,2995.0,1946.0,1049.0,35.0,INR,Shantam International
13460268,Teakwood Leathers,0.0,0,1999.0,459.0,1540.0,77.0,INR,TEAKWOOD
17676942,K&U,3.7,12,999.0,199.0,800.0,80.1,INR,K and U Designer Wear
17697814,Timex,5.0,2,4295.0,3436.0,859.0,20.0,INR,TIMEHUT RETAIL (INDIA) PRIVATE LIMITED
17734698,VAIRAGEE,3.7,3,1999.0,799.0,1200.0,60.0,INR,Vivera International
17599068,Sztori,4.2,46,1599.0,543.0,1056.0,66.0,INR,Supercom Net
17645368,LOreal Professionnel,4.5,2443,1025.0,1025.0,0.0,0.0,INR,Indiflashmart
17699236,JAINISH,0.0,0,1299.0,584.0,715.0,55.0,INR,INDIAN NEEDLE PRIVATE LIMITED
17584408,KISAH,3.4,9,9999.0,4499.0,5500.0,55.0,INR,Kisah Apparels Private Limited
17697736,Timex,4.4,77,2295.0,1836.0,459.0,20.0,INR,TIMEHUT RETAIL (INDIA) PRIVATE LIMITED
17659994,KiddoPanti,0.0,0,499.0,324.0,175.0,35.1,INR,Krimson Apparel Private Limited
17719766,LINDBERGH,0.0,0,2799.0,1399.0,1400.0,50.0,INR,ICONIC FASHION RETAILING PVT LTD
17683554,Miaz Lifestyle,1.0,3,999.0,489.0,510.0,51.1,INR,Miaz lifestyle
17664040,CHIMPAAANZEE,3.2,10,899.0,701.0,198.0,22.0,INR,CHIMPAAANZEE LIFESTYLE PVT LTD
17571012,indus route by Pantaloons,4.2,5,1299.0,584.0,715.0,55.0,INR,Westbury Holdings Pvt Ltd_Pantaloons
17655300,KETCH,3.6,133,999.0,369.0,630.0,63.1,INR,Supercom Net
15434542,GUCHIGU,2.6,7,749.0,396.0,353.0,47.1,INR,Sweven Marketing Pvt. Ltd
17671744,Baggit,3.9,67,1690.0,507.0,1183.0,70.0,INR,Supercom Net
17657046,HIGHLANDER,4.1,492,949.0,540.0,409.0,43.1,INR,Flashstar Commerce
17744624,DENNISON,3.4,8,2499.0,624.0,1875.0,75.0,INR,Supercom Net
17691326,Biolage,4.4,313,200.0,200.0,0.0,0.0,INR,Supercom Net
17691568,Kiddeo,4.7,20,1999.0,599.0,1400.0,70.0,INR,KR TEX
17712220,Relish,3.2,5,999.0,349.0,650.0,65.1,INR,MANVIK CREATION
17697774,Timex,4.5,20,3195.0,1757.0,1438.0,45.0,INR,Supercom Net
17666720,Cantabil,3.8,9,2799.0,951.0,1848.0,66.0,INR,Cantabil Retail India Limited
17706436,KETCH,4.2,40,1399.0,377.0,1022.0,73.1,INR,Supercom Net
17691324,Biolage,4.5,355,330.0,330.0,0.0,0.0,INR,Supercom Net
17720726,ZEVORA,4.4,7,1499.0,374.0,1125.0,75.1,INR,Avenue Overseas Pvt Ltd
17757022,Roadster,3.7,3,2999.0,749.0,2250.0,75.0,INR,DESIGNER WORLD OF MANUFACTURING & TRADING LLP.
17599032,Mamaearth,4.1,58,349.0,314.0,35.0,10.0,INR,Honasa Consumer Private Limited
17744070,Smith & Blake,3.7,3,1999.0,979.0,1020.0,51.0,INR,STEP UP BRANDS LLP
21311484,Eske,0.0,0,1799.0,899.0,900.0,50.0,INR,Eske Global Fashions Private Limited
21235470,Tokyo Talkies,3.1,201,1349.0,404.0,945.0,70.1,INR,Vision Star
21131024,all about you,0.0,0,4999.0,1199.0,3800.0,76.0,INR,Mahotsav E solution
20888158,Da Milano,0.0,0,5499.0,3299.0,2200.0,40.0,INR,DA MILANO
20713932,Noh.Voh - SASSAFRAS Kids,4.5,37,2199.0,659.0,1540.0,70.0,INR,ARDENT Retail Co.
21137606,YU by Pantaloons,4.2,6,749.0,389.0,360.0,48.1,INR,Westbury Holdings Pvt Ltd_Pantaloons
21159684,Fastrack,4.5,54,5295.0,4236.0,1059.0,20.0,INR,Truecom Retail
21159700,Fastrack,4.3,19,2995.0,2096.0,899.0,30.0,INR,Titan Company Limited
2113606,Van Heusen,4.2,317,658.0,493.0,165.0,25.1,INR,RetailNet
20716292,Louis Philippe,4.2,9,2499.0,1724.0,775.0,31.0,INR,Westbury Holdings Pvt Ltd_Madura
21199774,Calvin Klein Jeans,4.1,17,3999.0,2399.0,1600.0,40.0,INR,Platinum Fashions
22025912,RANDOM,0.0,0,5078.0,2031.0,3047.0,60.0,INR,HALOS CREATIONS PRIVATE LIMITED
15523404,GRACIT,0.0,0,2189.0,831.0,1358.0,62.0,INR,Amitto
12805640,Cayman,4.6,12,1995.0,698.0,1297.0,65.0,INR,JAYPEE SPINTEX PRIVATE LIMITED
12832354,Cub McPaws,4.1,46,1099.0,499.0,600.0,54.6,INR,Pochemuchka Kids pvt ltd
20702694,WALKWAY by Metro,4.8,9,699.0,699.0,0.0,0.0,INR,METRO BRANDS
20094614,French Connection,4.9,7,6950.0,2293.0,4657.0,67.0,INR,ILG INDIA FASHION LLP
20098782,HIGHLANDER,3.2,10,1399.0,475.0,924.0,66.0,INR,Flashstar Commerce
22463768,HIGHLANDER,3.6,51,1949.0,599.0,1350.0,69.3,INR,S & S Marketing
19429332,panchhi,0.0,0,5999.0,1019.0,4980.0,83.0,INR,PANCHHI FASHION
11740898,Eske,4.7,3,3999.0,1299.0,2700.0,67.5,INR,Eske Global Fashions Private Limited
8628831,Style Quotient,3.7,102,1499.0,524.0,975.0,65.0,INR,Krislon Synthetics Pvt.Ltd
16676182,SALWAR STUDIO,3.9,14,11975.0,2395.0,9580.0,80.0,INR,OM CLOTHING
14653984,SALWAR STUDIO,4.0,7,3355.0,1610.0,1745.0,52.0,INR,OM CLOTHING
22512990,Tokyo Talkies,4.1,301,999.0,999.0,0.0,0.0,INR,Not Available
19114222,Baggit,4.6,16,790.0,474.0,316.0,40.0,INR,Baggit India Pvt LTD
19122202,Priyaasi,3.7,9,5195.0,831.0,4364.0,84.0,INR,PRITA DESIGNS PRIVATE LIMITED
22370980,MKOAL,4.0,6,999.0,199.0,800.0,80.1,INR,DANKETSU CONSULTANCY PRIVATE LIMITED
22360148,Ziva Fashion,0.0,0,2999.0,1349.0,1650.0,55.0,INR,Dev Textiles
20177876,Kara,0.0,0,2399.0,839.0,1560.0,65.0,INR,LEATHER LINE
16653750,Levis,4.3,105,3699.0,1886.0,1813.0,49.0,INR,Levi Strauss India Pvt Ltd
16660052,Creeva,0.0,0,2599.0,1199.0,1400.0,53.9,INR,SOFTEK SURYA INDIA PVT LTD
16636570,The Dry State,0.0,0,1499.0,509.0,990.0,66.0,INR,THE DRY STATE
18067976,Tokyo Talkies,3.7,237,699.0,279.0,420.0,60.1,INR,Vision Star
18066284,Cantabil,3.8,5,1599.0,559.0,1040.0,65.0,INR,Cantabil Retail India Limited
18045442,studio rasa,4.3,16,1299.0,584.0,715.0,55.0,INR,Taraasha Creations Pvt Ltd
18821700,Tommy Hilfiger,4.0,4,6999.0,4199.0,2800.0,40.0,INR,PVH ARVIND FASHION PRIVATE LIMITED_Tommy
18074928,Levis,4.2,1522,3199.0,3199.0,0.0,0.0,INR,Vision Star
21228058,Milton,4.0,6,785.0,628.0,157.0,20.0,INR,Hamilton Housewares Private Limited
21213218,Shopping Queen,0.0,0,1599.0,495.0,1104.0,69.0,INR,Perfect Shopping
22543028,Celio,4.6,7,1399.0,769.0,630.0,45.0,INR,Flashtech Retail
12860360,JOKER & WITCH,4.3,6,4899.0,4899.0,0.0,0.0,INR,Not Available
20914838,U.S. Polo Assn.,4.0,9,1799.0,1799.0,0.0,0.0,INR,ARVIND LIFESTYLE BRANDS LIMITED
20726422,Ajile by Pantaloons,0.0,0,999.0,539.0,460.0,46.0,INR,Westbury Holdings Pvt Ltd_Pantaloons
21207796,Gini and Jony,0.0,0,999.0,589.0,410.0,41.0,INR,Gini & Jony Ltd
11740910,Eske,0.0,0,2199.0,1099.0,1100.0,50.0,INR,Eske Global Fashions Private Limited
11647808,WildHorn,3.3,7,2699.0,566.0,2133.0,79.0,INR,ADL INTERNATIONAL
11724472,TAG 7,4.0,114,3399.0,1155.0,2244.0,66.0,INR,GENERATION
11747894,CHRISTOPOLO,4.0,23,1999.0,839.0,1160.0,58.0,INR,TRADELLA E-COM PVT LTD
11720528,WildHorn,4.3,121,2699.0,620.0,2079.0,77.0,INR,ADL INTERNATIONAL
17082498,Alina decor,0.0,0,1399.0,629.0,770.0,55.0,INR,VARSHA TRADERS
15000554,CASIO,4.3,17,9295.0,9295.0,0.0,0.0,INR,Flashtech Retail
15017816,Rizzly,4.1,22,1999.0,399.0,1600.0,80.0,INR,Jay Khodal Creation
14981550,Daniel Klein,4.8,5,5450.0,3488.0,1962.0,36.0,INR,DESIGNER PROGRESSIVE INDIA LLP
15017260,Tommy Hilfiger,4.7,198,4499.0,2024.0,2475.0,55.0,INR,Flashtech Retail
15017256,Tommy Hilfiger,4.7,79,5399.0,1889.0,3510.0,65.0,INR,Brand Concepts Limited
14971978,HIGHLANDER,4.1,299,949.0,389.0,560.0,59.0,INR,Flashstar Commerce
15017824,Rizzly,4.0,37,1999.0,399.0,1600.0,80.0,INR,Jay Khodal Creation
22245102,Dennis Lingo,3.3,42,1659.0,497.0,1162.0,70.0,INR,Mensa Brand Technologies Private Limited
19592206,SASSAFRAS,4.5,108,2299.0,804.0,1495.0,65.0,INR,ARDENT Retail Co.
19421060,Nimayaa,0.0,0,2499.0,674.0,1825.0,73.0,INR,Mahotsav E solution
17921086,U.S. Polo Assn. Denim Co.,3.8,25,2599.0,2599.0,0.0,0.0,INR,ARVIND LIFESTYLE BRANDS LIMITED
13945662,VividArtsy,4.3,330,845.0,845.0,0.0,0.0,INR,Not Available
14066928,Vero Moda,4.3,151,2299.0,2299.0,0.0,0.0,INR,Not Available
13945652,VividArtsy,4.4,318,845.0,845.0,0.0,0.0,INR,Not Available
11518758,Wabii,4.4,16,1299.0,1299.0,0.0,0.0,INR,Not Available
14067264,Vero Moda,3.7,69,1999.0,1999.0,0.0,0.0,INR,Not Available
13807494,THREAD MUSTER,4.2,5,1799.0,1799.0,0.0,0.0,INR,Not Available
22012362,TAG 7,0.0,0,1999.0,719.0,1280.0,64.0,INR,GENERATION
20121394,WildHorn,4.3,22,2699.0,512.0,2187.0,81.0,INR,ADL INTERNATIONAL - SJIT
15523384,GRACIT,0.0,0,2189.0,831.0,1358.0,62.0,INR,Amitto
12741234,KASSUALLY,3.3,6,1499.0,614.0,885.0,59.0,INR,Khullar Appearls
15462152,GRACIT,0.0,0,2198.0,835.0,1363.0,62.0,INR,Amitto
15505486,Lacoste,4.4,74,7950.0,3975.0,3975.0,50.0,INR,Truenet Commerce
21407148,Fastrack,4.5,15,1195.0,537.0,658.0,55.1,INR,PRIMESPOT RETAIL PRIVATE LIMITED
15523136,GRACIT,0.0,0,2189.0,831.0,1358.0,62.0,INR,Amitto
15523174,GRACIT,0.0,0,2189.0,831.0,1358.0,62.0,INR,Amitto
15523230,GRACIT,0.0,0,2189.0,831.0,1358.0,62.0,INR,Amitto
12746722,TAG 7,4.1,21,2550.0,841.0,1709.0,67.0,INR,GENERATION
15752174,ROMEE,0.0,0,2699.0,944.0,1755.0,65.0,INR,ROMEE INNOVAATIONS PRIVATE LIMITED
15461408,CARLINGTON,0.0,0,3999.0,834.0,3165.0,79.1,INR,CWC SALES PRIVATE LIMITED
15465330,VASTRAMAY,4.3,69,4999.0,2549.0,2450.0,49.0,INR,Vastramay Pvt. Ltd.
17639816,JASMEY HOMES,4.2,5,899.0,890.0,9.0,1.0,INR,House of Creations
17657098,HIGHLANDER,4.2,127,1349.0,553.0,796.0,59.0,INR,Flashstar Commerce
17697758,Timex,4.5,8,2595.0,2076.0,519.0,20.0,INR,TIMEHUT RETAIL (INDIA) PRIVATE LIMITED
17665470,Kuons Avenue,0.0,0,2999.0,1299.0,1700.0,56.7,INR,Ankit Apparels
17709792,MALHAAR,4.2,80,1349.0,687.0,662.0,49.1,INR,BEDTIME STORIES LLP
17697454,Timex,5.0,4,3595.0,1797.0,1798.0,50.0,INR,Supercom Net
17697708,Timex,4.3,24,5695.0,3132.0,2563.0,45.0,INR,Supercom Net
17697584,Timex,4.1,28,3395.0,2716.0,679.0,20.0,INR,TIMEHUT RETAIL (INDIA) PRIVATE LIMITED
17651090,Campus Sutra,4.4,31,1399.0,559.0,840.0,60.0,INR,Flashstar Commerce
17665466,Kuons Avenue,0.0,0,2999.0,1299.0,1700.0,56.7,INR,Ankit Apparels
17654280,Janasya,4.0,64,1579.0,1579.0,0.0,0.0,INR,Threadbucket Studio - SJIT
17705902,HIGHLANDER,3.4,23,1149.0,402.0,747.0,65.0,INR,Flashstar Commerce
17697684,Timex,4.3,17,3495.0,2097.0,1398.0,40.0,INR,Supercom Net
17663966,CHIMPAAANZEE,4.2,107,999.0,699.0,300.0,30.0,INR,CHIMPAAANZEE LIFESTYLE PVT LTD
17691366,Biolage,4.5,649,720.0,720.0,0.0,0.0,INR,Supercom Net
17550742,MASCLN SASSAFRAS,3.3,6,1399.0,629.0,770.0,55.0,INR,ARDENT Retail Co.
17666656,Cantabil,4.3,7,2199.0,747.0,1452.0,66.0,INR,Cantabil Retail India Limited
17709324,KBZ,3.8,26,2099.0,797.0,1302.0,62.0,INR,KURTI BAZAR
17732896,HIGHLANDER,4.2,35,1049.0,440.0,609.0,58.1,INR,Flashstar Commerce
15312388,Puma,3.9,164,2999.0,1949.0,1050.0,35.0,INR,Puma Sports India Pvt. Ltd.(NSCM)
21979552,Tokyo Talkies,4.2,352,649.0,649.0,0.0,0.0,INR,Not Available
17605578,BOLDFIT,4.5,13,999.0,799.0,200.0,20.0,INR,BLING BRANDS PRIVATE LIMITED - SJIT
17697496,Timex,4.9,15,3295.0,2636.0,659.0,20.0,INR,TIMEHUT RETAIL (INDIA) PRIVATE LIMITED
17671726,Baggit,4.5,167,1390.0,444.0,946.0,68.1,INR,Supercom Net
17644492,Libas,4.2,68,1499.0,554.0,945.0,63.0,INR,ZIVORE APPAREL PRIVATE LIMITED
17728502,M&H Easy,4.2,208,799.0,279.0,520.0,65.1,INR,M AND S APPARELS
17734704,VAIRAGEE,3.3,13,1999.0,799.0,1200.0,60.0,INR,Vivera International
17659078,VAIRAGEE,3.0,10,1999.0,699.0,1300.0,65.0,INR,Vivera International
17724932,Lavie,4.4,22,2699.0,701.0,1998.0,74.0,INR,Flashtech Retail
17747618,WILD EDGE,4.6,17,999.0,649.0,350.0,35.0,INR,NAVKIRAN ENTERPRISES
17697802,Timex,4.7,15,1995.0,1596.0,399.0,20.0,INR,TIMEHUT RETAIL (INDIA) PRIVATE LIMITED
17644748,Miaz Lifestyle,2.8,4,999.0,499.0,500.0,50.1,INR,Miaz lifestyle
13455248,MAXENCE,3.8,10,3299.0,3299.0,0.0,0.0,INR,VSON CREATION PVT. LTD.
21296064,Woodland,4.1,19,2895.0,1447.0,1448.0,50.0,INR,Truecom Retail
20785402,Stylecast X Hersheinbox,4.0,26,827.0,413.0,414.0,50.1,INR,Supercom Net
22366376,Styli,3.7,6,1749.0,1749.0,0.0,0.0,INR,Not Available
22366378,Styli,3.0,2,1949.0,1949.0,0.0,0.0,INR,Not Available
21317552,StealODeal,4.8,5,499.0,499.0,0.0,0.0,INR,Devan & co.
20634992,Kool Kidz,3.5,8,550.0,495.0,55.0,10.0,INR,KITARO TRADING PVT LTD
15202434,Accessorize,4.4,328,3995.0,1558.0,2437.0,61.0,INR,PLANET RETAIL HOLDINGS PVT. LTD
21185452,Moda Rapido,3.8,58,2599.0,961.0,1638.0,63.0,INR,Vision Star
21161508,Titan,4.6,46,5495.0,4396.0,1099.0,20.0,INR,Supercom Net
21156410,angloindu,4.4,9,1599.0,639.0,960.0,60.0,INR,ANGLOINDU FASHION PRIVATE LIMITED
21202364,HRX by Hrithik Roshan,4.0,304,1499.0,644.0,855.0,57.0,INR,ARDEUR FASHIONS
20818862,AUSTIVO,4.1,15,1799.0,539.0,1260.0,70.0,INR,FASHION SPORTS
21227540,Gini and Jony,4.0,4,1199.0,767.0,432.0,36.0,INR,Gini & Jony Ltd
2113601,Van Heusen,4.2,21,678.0,678.0,0.0,0.0,INR,Westbury Holdings Pvt Ltd_Madura
21227642,Gini and Jony,4.8,14,1099.0,648.0,451.0,41.0,INR,Gini & Jony Ltd
20836222,Sassora,0.0,0,3399.0,1999.0,1400.0,41.2,INR,LEATHERMAN FASHION PVT. LTD.
21727084,V-Mart,3.7,17,499.0,499.0,0.0,0.0,INR,V-Mart Retail Limited
20227066,BESIMPLE,0.0,0,700.0,599.0,101.0,14.4,INR,Besimple Clothing Pvt Ltd
20226410,Tokyo Talkies,4.2,10,1099.0,230.0,869.0,79.1,INR,Vision Star
12849588,Adobe,3.9,19,1799.0,557.0,1242.0,69.0,INR,KUVAM FASHIONS PRIVATE LIMITED
20231068,Ajile by Pantaloons,3.6,20,1099.0,736.0,363.0,33.0,INR,Westbury Holdings Pvt Ltd_Pantaloons
22463772,HIGHLANDER,4.0,158,1899.0,599.0,1300.0,68.5,INR,S & S Marketing
19824510,URBAN FOREST,4.2,16,2000.0,699.0,1301.0,65.0,INR,ALPHA COLLECTION
21472834,Kappa,4.7,6,799.0,799.0,0.0,0.0,INR,Not Available
22543674,all about you,3.4,48,1499.0,649.0,850.0,56.7,INR,Wunderkind Infotech
14276992,Anouk,4.4,7,2499.0,699.0,1800.0,72.0,INR,KEEV LIFESTYLES LLP
18942604,StyFun,0.0,0,2599.0,477.0,2122.0,81.6,INR,V.K.Enterprise
21171284,Marks & Spencer,4.6,8,1499.0,1499.0,0.0,0.0,INR,MARKS AND SPENCER RELIANCE INDIA PRIVATE LIMITED
17819098,V-Mart,3.9,24,399.0,399.0,0.0,0.0,INR,V-Mart Retail Limited
973930,Colorbar,3.8,118,950.0,522.0,428.0,45.1,INR,Indiflashmart
19945954,Milton,4.4,34,270.0,270.0,0.0,0.0,INR,Hamilton Housewares Private Limited
17969642,MANGO,4.2,5,3590.0,1615.0,1975.0,55.0,INR,Truenet Commerce
16568958,LilPicks,4.0,49,1299.0,406.0,893.0,68.7,INR,Mensa Brand Technologies Private Limited
16538334,Sonata,4.4,18,1599.0,1599.0,0.0,0.0,INR,Truecom Retail
21461710,CHARMGAL,3.7,25,1729.0,899.0,830.0,48.0,INR,STITCHDEAL (OPC) PRIVATE LIMITED
21058766,Kuons Avenue,0.0,0,2999.0,1299.0,1700.0,56.7,INR,Ankit Apparels
21218516,Excalibur,3.8,24,1190.0,416.0,774.0,65.0,INR,RetailNet
21093162,Kryptic,0.0,0,1249.0,349.0,900.0,72.1,INR,Brand Fortunes
22368736,LOUIS STITCH,4.7,7,6999.0,2519.0,4480.0,64.0,INR,Gunmetal Stitches PRIVATE LIMITED
16573086,Emporio Armani,3.4,15,25995.0,15597.0,10398.0,40.0,INR,Indiflashmart
16559504,Fbella,4.2,46,1199.0,599.0,600.0,50.0,INR,FBELLA CLOTHING
16684998,CRESTELLO,4.3,51,2399.0,555.0,1844.0,76.9,INR,Supertrust Marketing
22553620,AD By Arvind,0.0,0,1099.0,681.0,418.0,38.0,INR,ARVIND LIMITED
16653678,Levis,4.3,125,3399.0,2719.0,680.0,20.0,INR,Vision Star
16645788,Enviously Young,4.0,9,999.0,399.0,600.0,60.1,INR,Brand Fortunes
16690112,Creeva,0.0,0,2199.0,949.0,1250.0,56.8,INR,SOFTEK SURYA INDIA PVT LTD
18066268,Cantabil,0.0,0,1599.0,559.0,1040.0,65.0,INR,Cantabil Retail India Limited
17963192,SHOWOFF,0.0,0,4375.0,1750.0,2625.0,60.0,INR,SHOWOFF
18068952,Levis,4.5,215,1299.0,740.0,559.0,43.0,INR,Levi Strauss India Pvt Ltd
18067236,LilPicks,3.6,11,899.0,351.0,548.0,61.0,INR,Mensa Brand Technologies Private Limited
21980808,Tokyo Talkies,4.1,103,999.0,399.0,600.0,60.1,INR,Vision Star
15488454,Indian Terrain,4.1,22,2099.0,839.0,1260.0,60.0,INR,Indiflashmart
15551714,Teakwood Leathers,4.4,47,2799.0,2799.0,0.0,0.0,INR,Not Available
15489168,Indian Terrain,4.3,12,2499.0,974.0,1525.0,61.0,INR,Indiflashmart
15518750,HIGHLANDER,3.8,437,949.0,949.0,0.0,0.0,INR,Not Available
21207856,Gini and Jony,0.0,0,699.0,342.0,357.0,51.1,INR,Gini & Jony Ltd
21086854,Calvin Klein Jeans,3.7,67,2799.0,1679.0,1120.0,40.0,INR,Platinum Fashions
21224536,Kibo,0.0,0,1499.0,524.0,975.0,65.0,INR,LUEUR VESTURES PRIVATE LIMITED
21207812,Gini and Jony,0.0,0,499.0,254.0,245.0,49.1,INR,Gini & Jony Ltd
11689070,Teakwood Leathers,4.3,121,1999.0,459.0,1540.0,77.0,INR,TEAKWOOD
11659000,WildHorn,4.3,77,2699.0,566.0,2133.0,79.0,INR,ADL INTERNATIONAL
11755296,Helix,0.0,0,1745.0,872.0,873.0,50.0,INR,TIMEHUT RETAIL (INDIA) PRIVATE LIMITED
17048836,Jockey,3.8,11,1499.0,1499.0,0.0,0.0,INR,Page Industries Ltd
14981504,Daniel Klein,4.3,14,5250.0,3360.0,1890.0,36.0,INR,DESIGNER PROGRESSIVE INDIA LLP
14981492,Daniel Klein,4.5,17,5750.0,2875.0,2875.0,50.0,INR,RetailNet
14981454,Daniel Klein,4.4,5,4450.0,2892.0,1558.0,35.0,INR,DESIGNER PROGRESSIVE INDIA LLP
14981406,Daniel Klein,4.3,6,6495.0,4091.0,2404.0,37.0,INR,DESIGNER PROGRESSIVE INDIA LLP
15017270,Tommy Hilfiger,4.5,34,5699.0,1994.0,3705.0,65.0,INR,Brand Concepts Limited
14981508,Daniel Klein,4.1,27,4950.0,2475.0,2475.0,50.0,INR,RetailNet
15017854,Rizzly,4.5,25,1999.0,399.0,1600.0,80.0,INR,Jay Khodal Creation
14972528,Rizzly,3.4,33,1999.0,299.0,1700.0,85.0,INR,Jay Khodal Creation
14966616,CARLINGTON,3.5,11,3999.0,834.0,3165.0,79.1,INR,CWC SALES PRIVATE LIMITED
14978318,Flying Machine,4.1,17,2199.0,1099.0,1100.0,50.0,INR,ARVIND LIFESTYLE BRANDS LIMITED
14974256,Baggit,4.5,400,1290.0,516.0,774.0,60.0,INR,Baggit India Pvt LTD
14981566,Daniel Klein,5.0,5,5250.0,2625.0,2625.0,50.0,INR,RetailNet
20312510,KiddoPanti,0.0,0,1348.0,768.0,580.0,43.0,INR,Krimson Apparel Private Limited
12429398,WOW SKIN SCIENCE,4.2,90,699.0,377.0,322.0,46.1,INR,BODY CUPID PRIVATE LIMITED
13826620,Lakme,4.3,172,400.0,320.0,80.0,20.0,INR,Truenet Commerce
13945694,VividArtsy,4.6,121,845.0,845.0,0.0,0.0,INR,Not Available
11841018,Sugr,3.0,5,599.0,599.0,0.0,0.0,INR,Not Available
1187105,U.S. Polo Assn. Women,4.3,31,599.0,599.0,0.0,0.0,INR,Not Available
14067158,Vero Moda,4.0,57,699.0,699.0,0.0,0.0,INR,Not Available
13868882,GRACIT,0.0,0,2098.0,734.0,1364.0,65.0,INR,Amitto
13948482,PANASH,3.2,33,999.0,379.0,620.0,62.1,INR,M/S KULSU GLOBAL JEWELS
15465820,indus route by Pantaloons,3.9,11,899.0,899.0,0.0,0.0,INR,Westbury Holdings Pvt Ltd_Pantaloons
15617732,Fastrack,4.1,11,5195.0,4156.0,1039.0,20.0,INR,Truecom Retail
15563058,Rizzly,4.1,32,1999.0,399.0,1600.0,80.0,INR,Jay Khodal Creation
15593442,MR. COPPER KING,3.9,7,1495.0,1001.0,494.0,33.0,INR,ENCOMPASS DESIGN INDIA PVT LTD
17324756,THE WEAVE TRAVELLER,4.7,9,1490.0,789.0,701.0,47.0,INR,USI TREADE 24
15517764,GRACIT,2.4,7,2579.0,902.0,1677.0,65.0,INR,Amitto
15462154,GRACIT,0.0,0,2198.0,835.0,1363.0,62.0,INR,Amitto
15523096,GRACIT,0.0,0,2189.0,831.0,1358.0,62.0,INR,Amitto
15465332,VASTRAMAY,4.3,11,4999.0,2549.0,2450.0,49.0,INR,Vastramay Pvt. Ltd.
15480074,Tommy Hilfiger,4.6,99,11880.0,6534.0,5346.0,45.0,INR,Flashtech Retail
15488012,DIESEL,3.2,5,16995.0,16995.0,0.0,0.0,INR,Flashstar Commerce
15494290,Tommy Hilfiger,4.6,102,2299.0,1310.0,989.0,43.0,INR,Flashtech Retail
1582977,W,3.8,48,1999.0,700.0,1299.0,65.0,INR,Eshopbox Ecommerce Pvt Ltd
16391406,ZALORA OCCASION,3.4,5,2399.0,2279.0,120.0,5.0,INR,Supercom Net
12740318,JAINISH,3.3,25,1499.0,584.0,915.0,61.0,INR,INDIAN NEEDLE PRIVATE LIMITED
12536618,Gini and Jony,4.3,6,1499.0,1004.0,495.0,33.0,INR,GINI & JONY  LIMITED
22313210,Cantabil,4.5,4,2999.0,1319.0,1680.0,56.0,INR,Cantabil Retail India Limited
17697726,Timex,4.6,26,2345.0,1289.0,1056.0,45.0,INR,Supercom Net
17671766,Baggit,4.4,143,1390.0,417.0,973.0,70.0,INR,Supercom Net
12459786,Sir Corbett,3.8,45,5949.0,5949.0,0.0,0.0,INR,Not Available
17655282,KETCH,3.6,886,999.0,469.0,530.0,53.1,INR,Supercom Net
17655310,KETCH,3.8,738,999.0,419.0,580.0,58.1,INR,Supercom Net
17666710,Cantabil,4.1,14,2199.0,747.0,1452.0,66.0,INR,Cantabil Retail India Limited
17755198,Mikado,4.0,9,1299.0,324.0,975.0,75.1,INR,Sky E-commerce
17643182,Style SHOES,4.3,26,1999.0,499.0,1500.0,75.0,INR,Kan International
17743362,AEROHAVEN,4.0,7,1699.0,679.0,1020.0,60.0,INR,Giridhar Home Furnishing
17665464,Kuons Avenue,0.0,0,2999.0,1299.0,1700.0,56.7,INR,Ankit Apparels
17676918,K&U,3.6,5,999.0,199.0,800.0,80.1,INR,K and U Designer Wear
17646730,TRUe FRoG,4.2,25,565.0,565.0,0.0,0.0,INR,EarthyBlend Private Limited
17697632,Timex,4.5,8,3595.0,2876.0,719.0,20.0,INR,TIMEHUT RETAIL (INDIA) PRIVATE LIMITED
17489448,Baggit,4.1,108,890.0,356.0,534.0,60.0,INR,Supercom Net
17628838,Saral Home,4.0,5,749.0,411.0,338.0,45.1,INR,SARAL HOME EASY LIVING PRIVATE LIMITED
21837538,elora,2.5,2,7399.0,7399.0,0.0,0.0,INR,Not Available
1766127,Second SKIN,4.0,24,1699.0,815.0,884.0,52.0,INR,TRADELLA E-COM PVT LTD
17697784,Timex,4.5,6,3995.0,2397.0,1598.0,40.0,INR,Supercom Net
17657072,HIGHLANDER,3.7,444,1049.0,545.0,504.0,48.0,INR,Flashstar Commerce
17691570,Kiddeo,4.4,8,1999.0,599.0,1400.0,70.0,INR,KR TEX
17698044,HAJAMAT,4.1,52,299.0,149.0,150.0,50.2,INR,Black Pepper Marketing Pvt. Ltd.
17625690,DEYANN,4.2,6,8990.0,2966.0,6024.0,67.0,INR,DIAWIN FASHIONS PRIVATE LIMITED
17657056,HIGHLANDER,3.9,416,949.0,540.0,409.0,43.1,INR,Flashstar Commerce
17657096,HIGHLANDER,4.2,396,949.0,483.0,466.0,49.1,INR,Flashstar Commerce
17663986,CHIMPAAANZEE,4.3,18,999.0,649.0,350.0,35.0,INR,CHIMPAAANZEE LIFESTYLE PVT LTD
17643180,Style SHOES,3.9,21,1999.0,499.0,1500.0,75.0,INR,Kan International
17697622,Timex,4.4,96,3495.0,2796.0,699.0,20.0,INR,TIMEHUT RETAIL (INDIA) PRIVATE LIMITED
20257414,HUGO,3.3,8,10425.0,6255.0,4170.0,40.0,INR,TIRUPATI BIZ LINK LLP
21403530,WESTHOOD,0.0,0,2799.0,1399.0,1400.0,50.0,INR,GOSTYLE
21128150,Sztori,3.9,47,1799.0,719.0,1080.0,60.0,INR,Gee Impex
21225646,HIGHLANDER,3.4,58,799.0,499.0,300.0,37.5,INR,S & S Marketing
15203080,Louis Philippe Jeans,4.4,932,1299.0,779.0,520.0,40.0,INR,RetailNet
20914844,U.S. Polo Assn.,0.0,0,1799.0,1169.0,630.0,35.0,INR,ARVIND LIFESTYLE BRANDS LIMITED
21561424,AVANTIKA FASHION,3.6,33,2999.0,2999.0,0.0,0.0,INR,Not Available
20663862,JOKER & WITCH,4.1,57,5099.0,1019.0,4080.0,80.0,INR,JW Brands Private Limited
20853558,DILLINGER,4.3,244,799.0,495.0,304.0,38.0,INR,Elcinco Inc - SJIT
21234122,Sera,3.7,3,1898.0,664.0,1234.0,65.0,INR,SERA GROUP
21152732,Kibo,0.0,0,1799.0,629.0,1170.0,65.0,INR,LUEUR VESTURES PRIVATE LIMITED
21139750,Allen Solly Sport,4.3,38,2299.0,1149.0,1150.0,50.0,INR,RetailNet
21166692,Disney,4.4,10,699.0,419.0,280.0,40.1,INR,TRUCAREKIDZ INDIA PRIVATE LIMITED
21207848,Gini and Jony,0.0,0,599.0,383.0,216.0,36.1,INR,Gini & Jony Ltd
21192892,Kibo,0.0,0,1999.0,859.0,1140.0,57.0,INR,LUEUR VESTURES PRIVATE LIMITED
21086714,Calvin Klein Jeans,4.3,16,2799.0,1959.0,840.0,30.0,INR,Indiflashmart
15523102,GRACIT,0.0,0,2189.0,831.0,1358.0,62.0,INR,Amitto
12775770,Fastrack,4.6,110,2195.0,1756.0,439.0,20.0,INR,Titan Company Limited
12758774,Devansh,3.7,7,1499.0,719.0,780.0,52.0,INR,New Era Enterprises
20226358,Vishudh,3.6,27,1849.0,314.0,1535.0,83.0,INR,Flashstar Commerce
19879142,Ajile by Pantaloons,4.2,18,1149.0,608.0,541.0,47.1,INR,Westbury Holdings Pvt Ltd_Pantaloons
20177862,Kara,0.0,0,2699.0,917.0,1782.0,66.0,INR,LEATHER LINE
12840642,Gini and Jony,4.4,23,699.0,328.0,371.0,53.1,INR,Gini & Jony Ltd
20098784,HIGHLANDER,2.9,41,1399.0,599.0,800.0,57.2,INR,S & S Marketing
18840948,Styli,4.1,8,899.0,899.0,0.0,0.0,INR,Not Available
2113604,Van Heusen,4.2,88,658.0,493.0,165.0,25.1,INR,RetailNet
17817366,Trendyol,3.0,17,1299.0,649.0,650.0,50.0,INR,Supercom Net
6788456,Vero Moda,3.6,13,1999.0,1699.0,300.0,15.0,INR,RetailNet
20367038,Allen Solly,4.4,29,1399.0,727.0,672.0,48.0,INR,RetailNet
18046086,Sonata,4.5,13,1149.0,919.0,230.0,20.0,INR,Truecom Retail
19859502,Indigifts,3.6,7,1699.0,560.0,1139.0,67.0,INR,Indibni Private Limited
21491180,Arrow,5.0,3,2699.0,1214.0,1485.0,55.0,INR,ARVIND LIFESTYLE BRANDS LIMITED
19122022,KUCHIPOO,4.7,100,2700.0,699.0,2001.0,74.1,INR,Vardhman Wool Store
21485030,Ms.Lingies,3.9,18,1099.0,549.0,550.0,50.0,INR,Aarti Apparels
21225690,KETCH,3.9,25,1649.0,527.0,1122.0,68.0,INR,Supercom Net
18870686,Homesake,4.1,14,2500.0,549.0,1951.0,78.0,INR,INOVATION HANDART PRIVATE LIMITED
21467096,DEZANO,3.6,7,1999.0,1499.0,500.0,25.0,INR,DEZANO TEXTILE
21472094,HIGHLANDER,4.1,53,2149.0,515.0,1634.0,76.0,INR,Flashstar Commerce
21446628,Cantabil,4.8,5,2199.0,967.0,1232.0,56.0,INR,Cantabil Retail India Limited
21329410,JAINISH,0.0,0,1499.0,584.0,915.0,61.0,INR,INDIAN NEEDLE PRIVATE LIMITED
19117156,The Art House,0.0,0,7999.0,3519.0,4480.0,56.0,INR,AARA CREATIONS
14699328,FOREVER 21,4.4,14,1299.0,519.0,780.0,60.0,INR,Westbury Holdings Pvt Ltd_Forever21
14670268,Baggit,4.4,337,1290.0,387.0,903.0,70.0,INR,Supercom Net
16665604,appulse,0.0,0,799.0,439.0,360.0,45.1,INR,SUNRISE CREATIONS
16678966,SWISSTONE,3.5,10,2399.0,655.0,1744.0,72.7,INR,Supertrust Marketing
16696092,Van Heusen,3.9,10,479.0,344.0,135.0,28.2,INR,RetailNet
16676726,Relish,3.1,8,999.0,599.0,400.0,40.0,INR,MANVIK CREATION
16665592,appulse,0.0,0,799.0,439.0,360.0,45.1,INR,SUNRISE CREATIONS
16642640,Tokyo Talkies,4.0,386,1449.0,362.0,1087.0,75.0,INR,Vision Star
1667802,MBOSS,0.0,0,17990.0,6296.0,11694.0,65.0,INR,DREAMS INTERNATIONAL
18064312,FOREVER 21,3.8,16,699.0,559.0,140.0,20.0,INR,Westbury Holdings Pvt Ltd_Madura
18068954,Levis,4.5,178,1099.0,1099.0,0.0,0.0,INR,Levi Strauss India Pvt Ltd
18069418,Levis,4.0,617,2399.0,1919.0,480.0,20.0,INR,Vision Star
18809306,ONLY,3.3,12,2999.0,1199.0,1800.0,60.0,INR,Kapsons Retail Pvt. Ltd.
21164628,bigbanana,4.6,9,2699.0,971.0,1728.0,64.0,INR,DONOVAN APPARELS PRIVATE LIMITED
19511442,Suta,4.9,9,2400.0,2400.0,0.0,0.0,INR,Suta Private Limited
12860774,Roadster,4.2,375,2499.0,2499.0,0.0,0.0,INR,Truenet Commerce
19917258,Dpassion,3.1,23,1999.0,1999.0,0.0,0.0,INR,Not Available
21207934,Gini and Jony,0.0,0,799.0,407.0,392.0,49.1,INR,GINI & JONY  LIMITED
11709596,even,3.8,24,1695.0,678.0,1017.0,60.0,INR,EVEN LEISURE APPARELS
11692060,109F,3.5,6,1499.0,674.0,825.0,55.0,INR,ENCOMPASS DESIGN INDIA PVT LTD
11738804,Mast & Harbour,4.1,1488,1799.0,683.0,1116.0,62.0,INR,FRACTAL FASHION
11755306,Helix,0.0,0,2895.0,1158.0,1737.0,60.0,INR,Truecom Retail
11724362,even,3.8,26,1695.0,678.0,1017.0,60.0,INR,EVEN LEISURE APPARELS
11755324,Helix,0.0,0,1995.0,798.0,1197.0,60.0,INR,Truecom Retail
17076162,BLANC9,0.0,0,1999.0,1299.0,700.0,35.0,INR,Dash Fashions Pvt. Ltd.
14981726,Daniel Klein,3.9,14,4950.0,2475.0,2475.0,50.0,INR,RetailNet
15002366,Jockey,4.6,1461,649.0,649.0,0.0,0.0,INR,Truecom Retail
14972500,Rizzly,0.0,0,1999.0,299.0,1700.0,85.0,INR,Jay Khodal Creation
15017300,Tommy Hilfiger,4.7,91,5399.0,1889.0,3510.0,65.0,INR,Brand Concepts Limited
15017930,Rizzly,4.0,14,1999.0,399.0,1600.0,80.0,INR,Jay Khodal Creation
15041296,DressBerry,4.4,128,3199.0,959.0,2240.0,70.0,INR,Vision Star
14981402,Daniel Klein,4.4,5,5250.0,3360.0,1890.0,36.0,INR,DESIGNER PROGRESSIVE INDIA LLP
15017794,Rizzly,4.1,28,1999.0,399.0,1600.0,80.0,INR,Jay Khodal Creation
20059190,Readiprint Fashions,3.0,7,3000.0,750.0,2250.0,75.0,INR,Readiprint Fashions
13868874,GRACIT,0.0,0,2098.0,734.0,1364.0,65.0,INR,Amitto
13843028,SASSAFRAS,3.7,175,1199.0,539.0,660.0,55.0,INR,ARDENT Retail Co.
17833490,Vero Moda,4.2,63,1799.0,1799.0,0.0,0.0,INR,Not Available
19037388,Vero Moda,4.7,14,1799.0,1799.0,0.0,0.0,INR,Not Available
21905418,Libas,4.4,169,3999.0,1319.0,2680.0,67.0,INR,ZIVORE APPAREL PRIVATE LIMITED
17840084,Crimsoune Club,5.0,8,1499.0,749.0,750.0,50.0,INR,MANGLA APPARELS INDIA PVT LTD
17927448,BYFORD by Pantaloons,2.6,5,1299.0,779.0,520.0,40.0,INR,Westbury Holdings Pvt Ltd_Pantaloons
21788094,A.T.U.N.,4.0,10,3999.0,799.0,3200.0,80.0,INR,VKNP Designs Pvt Ltd
12694660,Hangup,4.0,11,1999.0,499.0,1500.0,75.0,INR,BGN Apparels
20257412,HUGO,3.4,5,16425.0,8212.0,8213.0,50.0,INR,Vision Star
18148360,Vero Moda,4.2,43,2499.0,2499.0,0.0,0.0,INR,Not Available
17413660,Anouk,4.3,3,4999.0,4999.0,0.0,0.0,INR,Not Available
12696716,Hancock,4.2,14,1899.0,664.0,1235.0,65.0,INR,SIDHBALI CREATIONS
12744334,Teakwood Leathers,4.1,63,2299.0,528.0,1771.0,77.0,INR,TEAKWOOD
19857348,MBOSS,0.0,0,2100.0,630.0,1470.0,70.0,INR,DREAMS INTERNATIONAL
15561130,Lock & Lock,4.7,32,215.0,215.0,0.0,0.0,INR,Rajprabhu Traders Private Limited
15457280,Gini and Jony,4.4,10,1699.0,798.0,901.0,53.0,INR,Gini & Jony Ltd
12853870,Daniel Klein,0.0,0,3950.0,2607.0,1343.0,34.0,INR,DESIGNER PROGRESSIVE INDIA LLP
15517756,GRACIT,0.0,0,2579.0,902.0,1677.0,65.0,INR,Amitto
20090224,WANTON,3.5,15,1499.0,359.0,1140.0,76.1,INR,NARAYAN ENTERPRISE
16099798,Tokyo Talkies,4.3,205,749.0,399.0,350.0,46.7,INR,S & S Marketing
15710512,Sivanna Colors,4.0,6,550.0,550.0,0.0,0.0,INR,Redwood International
15523242,GRACIT,0.0,0,2189.0,831.0,1358.0,62.0,INR,Amitto
20111700,SAMTROH,3.0,2,999.0,299.0,700.0,70.1,INR,SAMTROH
12860420,JOKER & WITCH,0.0,0,5697.0,1139.0,4558.0,80.0,INR,JW Brands Private Limited
15513276,Eske,0.0,0,4499.0,1299.0,3200.0,71.1,INR,Eske Global Fashions Private Limited
17691354,Biolage,4.4,250,590.0,590.0,0.0,0.0,INR,Supercom Net
17571024,indus route by Pantaloons,4.0,47,699.0,699.0,0.0,0.0,INR,Westbury Holdings Pvt Ltd_Pantaloons
17734692,VAIRAGEE,3.7,3,1999.0,799.0,1200.0,60.0,INR,Vivera International
17557142,Flying Machine,3.9,42,1899.0,740.0,1159.0,61.0,INR,ARVIND LIFESTYLE BRANDS LIMITED
17699238,JAINISH,0.0,0,1299.0,584.0,715.0,55.0,INR,INDIAN NEEDLE PRIVATE LIMITED
17734710,VAIRAGEE,2.0,7,1999.0,799.0,1200.0,60.0,INR,Vivera International
17697626,Timex,4.6,17,4395.0,3516.0,879.0,20.0,INR,TIMEHUT RETAIL (INDIA) PRIVATE LIMITED
17644098,Indo Era,3.0,8,2399.0,671.0,1728.0,72.0,INR,ZENZIOR BRAND TECHNOLOGY PRIVATE LIMITED
17544418,Blackberrys,4.2,5,2795.0,1956.0,839.0,30.0,INR,Mohan Clothing co. Pvt. Ltd.
17697718,Timex,4.7,29,4995.0,2747.0,2248.0,45.0,INR,Supercom Net
17663994,CHIMPAAANZEE,4.0,65,999.0,699.0,300.0,30.0,INR,CHIMPAAANZEE LIFESTYLE PVT LTD
17705906,HIGHLANDER,4.2,106,1299.0,549.0,750.0,57.7,INR,S & S Marketing
17655272,KETCH,4.1,86,1399.0,335.0,1064.0,76.1,INR,Supercom Net
17680146,Allen Solly Sport,4.0,17,2499.0,1374.0,1125.0,45.0,INR,RetailNet
17664044,CHIMPAAANZEE,3.8,15,999.0,489.0,510.0,51.1,INR,CHIMPAAANZEE LIFESTYLE PVT LTD
17645364,LOreal Professionnel,4.5,421,745.0,745.0,0.0,0.0,INR,Indiflashmart
17706448,KETCH,2.6,5,1249.0,499.0,750.0,60.0,INR,S & S Marketing
17566988,plusS,3.8,57,2780.0,1056.0,1724.0,62.0,INR,Shiva International Apparels
17666748,Canary London,0.0,0,2499.0,874.0,1625.0,65.0,INR,Canary Apparels Pvt. Ltd.
17697532,Timex,4.5,14,5295.0,2912.0,2383.0,45.0,INR,Supercom Net
17669192,GANT,4.2,61,6999.0,4199.0,2800.0,40.0,INR,Omnitech Retail
17709746,MALHAAR,4.1,13,1349.0,687.0,662.0,49.1,INR,BEDTIME STORIES LLP
17669226,GANT,4.6,8,7999.0,3999.0,4000.0,50.0,INR,Samarth  Lifestyle Retailing Pvt. Ltd.
17710208,Cantabil,4.9,17,1899.0,645.0,1254.0,66.0,INR,Cantabil Retail India Limited
17683658,Miaz Lifestyle,2.8,5,999.0,489.0,510.0,51.1,INR,Miaz lifestyle
17744604,DENNISON,4.4,11,2499.0,649.0,1850.0,74.0,INR,DENNISON INDIA
17671712,Baggit,4.3,111,1390.0,417.0,973.0,70.0,INR,Supercom Net
15584546,Swatch,5.0,5,13050.0,13050.0,0.0,0.0,INR,ELITE ENTERPRISES
15462010,GRACIT,0.0,0,2198.0,835.0,1363.0,62.0,INR,Amitto
12759600,Devansh,3.6,7,1650.0,792.0,858.0,52.0,INR,New Era Enterprises
21390758,kasee,4.0,5,5269.0,1495.0,3774.0,71.6,INR,KASEE
20904210,JOKER & WITCH,0.0,0,9497.0,1709.0,7788.0,82.0,INR,JW Brands Private Limited
20904178,JOKER & WITCH,0.0,0,9297.0,1673.0,7624.0,82.0,INR,JW Brands Private Limited
21321646,ESBEDA,4.8,4,1680.0,840.0,840.0,50.0,INR,INTOUCH LEATHER HOUSE INDIA PVT LTD
15203024,Louis Philippe Jeans,4.5,1445,1299.0,766.0,533.0,41.0,INR,Westbury Holdings Pvt Ltd_Madura
21192974,Peter England,4.8,4,1999.0,1399.0,600.0,30.0,INR,Westbury Holdings Pvt Ltd_Madura
21199980,Calvin Klein Jeans,3.9,8,2499.0,2124.0,375.0,15.0,INR,Indiflashmart
20622126,Allen Solly Junior,4.6,5,1599.0,799.0,800.0,50.0,INR,Westbury Holdings Pvt Ltd_Madura
21199618,Calvin Klein Jeans,3.6,7,2499.0,1499.0,1000.0,40.0,INR,Platinum Fashions
21193370,Label Ritu Kumar,0.0,0,1900.0,1140.0,760.0,40.0,INR,RELIANCE RITU KUMAR PRIVATE LIMITED
21207826,Gini and Jony,0.0,0,899.0,431.0,468.0,52.1,INR,Gini & Jony Ltd
21034616,Allen Solly Junior,4.4,38,899.0,449.0,450.0,50.1,INR,RetailNet
21187734,Allen Solly Woman,3.9,27,1999.0,999.0,1000.0,50.0,INR,Westbury Holdings Pvt Ltd_Madura
21216848,Alcis,3.6,12,699.0,279.0,420.0,60.1,INR,Alcis Sports Pvt Ltd
15523346,GRACIT,0.0,0,2189.0,831.0,1358.0,62.0,INR,Amitto
21629338,Tokyo Talkies,4.3,114,1299.0,480.0,819.0,63.0,INR,Vision Star
21856808,birgos,0.0,0,2499.0,699.0,1800.0,72.0,INR,M/S VINAYPAL FOOTWEAR
15488348,Indian Terrain,4.3,28,2299.0,1034.0,1265.0,55.0,INR,Indiflashmart
15517938,HIGHLANDER,3.7,316,1499.0,599.0,900.0,60.0,INR,S & S Marketing
12696706,Hancock,4.1,19,1899.0,701.0,1198.0,63.1,INR,SIDHBALI CREATIONS
20227410,Pantaloons Junior,4.2,9,899.0,746.0,153.0,17.0,INR,Westbury Holdings Pvt Ltd_Pantaloons
19917252,Dpassion,3.9,35,1999.0,559.0,1440.0,72.0,INR,TULSI APPARELS
20224524,Noh.Voh - SASSAFRAS Kids,4.3,21,1699.0,458.0,1241.0,73.0,INR,ARDENT Retail Co.
20100198,KUCHIPOO,4.3,192,2700.0,699.0,2001.0,74.1,INR,Vardhman Wool Store
22467190,Style Shoes,4.0,5,1999.0,359.0,1640.0,82.0,INR,Kan International
8500557,Tokyo Talkies,4.2,2640,1149.0,1149.0,0.0,0.0,INR,Not Available
22554212,MASCLN SASSAFRAS,4.0,24,2199.0,769.0,1430.0,65.0,INR,ARDENT Retail Co.
2122012,Aeropostale,3.6,5,1999.0,1959.0,40.0,2.0,INR,RetailNet
8061389,VALIOSAA,4.0,6,3099.0,1673.0,1426.0,46.0,INR,ATMOSTEPS WORLDWIDE
20354744,Baggit,4.4,69,1290.0,361.0,929.0,72.0,INR,Supercom Net
18000482,Duke,3.9,50,1045.0,627.0,418.0,40.0,INR,Duke Fashions India Limited
17442708,Tokyo Talkies,4.2,760,699.0,399.0,300.0,42.9,INR,S & S Marketing
14746826,HOOM,4.5,6,995.0,995.0,0.0,0.0,INR,H.M.INTERNATIONAL
14668900,WEAVERS VILLA,4.4,44,1399.0,769.0,630.0,45.0,INR,WEAVERS VILLA
21447906,Anouk,0.0,0,6799.0,1563.0,5236.0,77.0,INR,OMNIPRESENT LIFESTYLE LLP
19122568,Swiss Design,3.7,7,1745.0,349.0,1396.0,80.0,INR,HOUSE OF BRANDS FASHION LLP
21469592,Jack & Jones,3.7,17,3299.0,1319.0,1980.0,60.0,INR,BEST UNITED INDIA COMFORTS PVT LTD
22554324,ASPORA,3.0,9,4125.0,4125.0,0.0,0.0,INR,Not Available
21112950,Treo,0.0,0,475.0,379.0,96.0,20.2,INR,Hamilton Housewares Private Limited
21309470,HRX by Hrithik Roshan,3.6,54,1599.0,607.0,992.0,62.0,INR,ARDEUR FASHIONS
21367536,Eske,0.0,0,3999.0,1299.0,2700.0,67.5,INR,Eske Global Fashions Private Limited
19117160,The Art House,0.0,0,14999.0,6599.0,8400.0,56.0,INR,AARA CREATIONS
22463898,KETCH,4.2,18,1949.0,545.0,1404.0,72.0,INR,Supercom Net
22373444,Anouk,0.0,0,3399.0,815.0,2584.0,76.0,INR,OMNIPRESENT LIFESTYLE LLP
14715172,Earth Rhythm,4.2,208,379.0,284.0,95.0,25.1,INR,EARTH RHYTHM PRIVATE LIMITED - SJIT
14798272,HIGHLANDER,4.0,385,1049.0,440.0,609.0,58.1,INR,Flashstar Commerce
16685038,CRESTELLO,3.8,5,2599.0,544.0,2055.0,79.1,INR,Supertrust Marketing
16639818,Madame,4.1,45,2899.0,1159.0,1740.0,60.0,INR,JAIN AMAR CLOTHING PVT LTD
16668418,Relish,3.6,16,999.0,299.0,700.0,70.1,INR,MANVIK CREATION
16696176,Van Heusen,4.2,28,669.0,602.0,67.0,10.0,INR,Westbury Holdings Pvt Ltd_Madura
16653696,Levis,4.3,96,4299.0,2149.0,2150.0,50.0,INR,Levi Strauss India Pvt Ltd
18809308,ONLY,3.5,12,2999.0,1199.0,1800.0,60.0,INR,ONLY RETAIL PVT LTD
18061132,DILLINGER,4.3,51,1399.0,419.0,980.0,70.1,INR,Elcinco Inc - SJIT
18809314,ONLY,3.0,7,2999.0,1049.0,1950.0,65.0,INR,Kapsons Retail Pvt. Ltd.
18070148,CHKOKKO,3.7,11,1999.0,639.0,1360.0,68.0,INR,DLASKROSS PRIVATE LIMITED
21191446,XYXX,4.3,39,375.0,375.0,0.0,0.0,INR,XYXX APPARELS PRIVATE LIMITED - SJIT
20960576,ADIDAS,4.1,68,2299.0,1494.0,805.0,35.0,INR,Flashstar Commerce
12806396,VASTRANAND,4.2,506,1195.0,1195.0,0.0,0.0,INR,Not Available
15488604,Indian Terrain,4.0,21,2199.0,2199.0,0.0,0.0,INR,Not Available
15582788,Mast & Harbour,4.3,33,1999.0,1999.0,0.0,0.0,INR,Truecom Retail
15459238,Zivame,3.1,56,1495.0,1495.0,0.0,0.0,INR,Not Available
15488636,Indian Terrain,4.2,30,2099.0,2099.0,0.0,0.0,INR,Not Available
22543026,Celio,4.4,8,1299.0,688.0,611.0,47.0,INR,Flashtech Retail
21191450,XYXX,0.0,0,399.0,399.0,0.0,0.0,INR,XYXX APPARELS PRIVATE LIMITED
21151290,Kotty,3.5,12,1999.0,559.0,1440.0,72.0,INR,KOTTY LIFESTYLE - SJIT
20918774,Madame,4.1,23,1499.0,404.0,1095.0,73.0,INR,Vision Star
20878754,Lee,3.8,67,2799.0,1399.0,1400.0,50.0,INR,Flashstar Commerce
11733566,TAG 7,4.1,110,3399.0,1155.0,2244.0,66.0,INR,GENERATION
11720540,WildHorn,4.2,26,2699.0,593.0,2106.0,78.0,INR,ADL INTERNATIONAL
11720546,WildHorn,3.8,19,2699.0,566.0,2133.0,79.0,INR,ADL INTERNATIONAL
18328288,Lounge Dreams,5.0,6,1299.0,795.0,504.0,38.8,INR,LOUNGE DREAMS CLOTHING PRIVATE LIMITED
15016296,Levis,4.4,220,1199.0,587.0,612.0,51.0,INR,Levi Strauss India Pvt Ltd
15017904,Rizzly,3.8,59,999.0,399.0,600.0,60.1,INR,Jay Khodal Creation
19074950,Macy's Epic Threads,4.7,9,1899.0,1329.0,570.0,30.0,INR,Supercom Net
15017924,Rizzly,3.0,5,1999.0,399.0,1600.0,80.0,INR,Jay Khodal Creation
22237712,39 THREADS,4.5,4,919.0,459.0,460.0,50.1,INR,SANCHI COLLECTIONS
22245106,Dennis Lingo,4.4,36,1659.0,547.0,1112.0,67.0,INR,Mensa Brand Technologies Private Limited
17893168,OXXO,4.3,6,4199.0,2939.0,1260.0,30.0,INR,Supercom Net
17921060,U.S. Polo Assn. Denim Co.,4.2,179,2299.0,2299.0,0.0,0.0,INR,ARVIND LIFESTYLE BRANDS LIMITED
13894934,Bodycare Kids,4.7,15,810.0,712.0,98.0,12.1,INR,BODYCARE INTERNATIONAL LIMITED
22629600,Anouk,3.7,9,5599.0,5599.0,0.0,0.0,INR,Not Available
13933090,Trendyol,3.7,6,3399.0,3399.0,0.0,0.0,INR,Not Available
13901886,The Dry State,4.2,6,1999.0,1999.0,0.0,0.0,INR,Not Available
17920580,U.S. Polo Assn. Denim Co.,4.5,22,2399.0,2399.0,0.0,0.0,INR,ARVIND LIFESTYLE BRANDS LIMITED
12733338,TAG 7,4.5,4,2550.0,841.0,1709.0,67.0,INR,GENERATION
15523200,GRACIT,0.0,0,2189.0,831.0,1358.0,62.0,INR,Amitto
20121378,WildHorn,3.4,5,2699.0,566.0,2133.0,79.0,INR,ADL INTERNATIONAL
15593422,MR. COPPER KING,3.4,11,1145.0,824.0,321.0,28.0,INR,ENCOMPASS DESIGN INDIA PVT LTD
12850712,eCraftIndia,3.6,26,599.0,359.0,240.0,40.1,INR,INTELLOZENE
18152630,Roadster,3.1,15,2829.0,2829.0,0.0,0.0,INR,Not Available
15563066,Rizzly,4.1,68,1999.0,399.0,1600.0,80.0,INR,Jay Khodal Creation
15458774,Hancock,4.2,278,1999.0,1199.0,800.0,40.0,INR,SIDHBALI CREATIONS
20064658,Blue Giraffe,4.4,5,2499.0,1249.0,1250.0,50.0,INR,ICONIC FASHION RETAILING PVT LTD
12734440,TAG 7,4.6,15,2550.0,841.0,1709.0,67.0,INR,GENERATION
15546374,Eske,0.0,0,2499.0,1299.0,1200.0,48.0,INR,Eske Global Fashions Private Limited
15593458,MR. COPPER KING,4.8,5,1495.0,1061.0,434.0,29.0,INR,ENCOMPASS DESIGN INDIA PVT LTD
19872892,Blackberrys,4.4,44,2595.0,1686.0,909.0,35.0,INR,Flashstar Commerce
20259304,Armani Exchange,5.0,3,14995.0,14995.0,0.0,0.0,INR,Truenet Commerce
15715750,Athena,4.0,166,2499.0,799.0,1700.0,68.0,INR,Apex Apparels - SJIT
17686150,Crimsoune Club,0.0,0,1899.0,949.0,950.0,50.0,INR,MANGLA APPARELS INDIA PVT LTD
19456540,MANGO,3.8,56,1890.0,1890.0,0.0,0.0,INR,Not Available
17657086,HIGHLANDER,3.8,461,949.0,483.0,466.0,49.1,INR,Flashstar Commerce
17690242,FOREVER 21,4.2,27,1399.0,559.0,840.0,60.0,INR,Westbury Holdings Pvt Ltd_Madura
17665454,Kuons Avenue,0.0,0,2999.0,1299.0,1700.0,56.7,INR,Ankit Apparels
17665450,Kuons Avenue,0.0,0,2999.0,1299.0,1700.0,56.7,INR,Ankit Apparels
17677558,indus route by Pantaloons,4.4,7,1299.0,649.0,650.0,50.0,INR,Westbury Holdings Pvt Ltd_Pantaloons
17664094,CHIMPAAANZEE,4.1,64,999.0,699.0,300.0,30.0,INR,CHIMPAAANZEE LIFESTYLE PVT LTD
17644466,Libas,4.1,105,1399.0,517.0,882.0,63.0,INR,ZIVORE APPAREL PRIVATE LIMITED
17719792,LINDBERGH,3.8,6,2799.0,1399.0,1400.0,50.0,INR,ICONIC FASHION RETAILING PVT LTD
17657042,HIGHLANDER,4.0,459,999.0,539.0,460.0,46.0,INR,Flashstar Commerce
17600608,Flying Machine,4.2,72,1799.0,701.0,1098.0,61.0,INR,ARVIND LIFESTYLE BRANDS LIMITED
17657048,HIGHLANDER,4.0,106,999.0,489.0,510.0,51.1,INR,Flashstar Commerce
17697480,Timex,4.0,26,4995.0,2997.0,1998.0,40.0,INR,Supercom Net
17682962,Disney,3.3,6,699.0,699.0,0.0,0.0,INR,H.M.INTERNATIONAL
17705924,HIGHLANDER,4.0,337,999.0,489.0,510.0,51.1,INR,Flashstar Commerce
17720748,ZEVORA,4.0,86,1499.0,374.0,1125.0,75.1,INR,Avenue Overseas Pvt Ltd
17691364,Biolage,4.5,2139,235.0,235.0,0.0,0.0,INR,Supercom Net
17611140,Columbia,4.0,6,3499.0,3499.0,0.0,0.0,INR,Chogori India Retail Limited
17582592,20Dresses,4.1,14,1495.0,1495.0,0.0,0.0,INR,OUTLETWISE RETAIL PVT LTD
17743308,AEROHAVEN,4.2,9,1699.0,679.0,1020.0,60.0,INR,Giridhar Home Furnishing
21980982,Tokyo Talkies,4.1,192,999.0,999.0,0.0,0.0,INR,Not Available
17833504,Vero Moda,4.2,47,1999.0,1999.0,0.0,0.0,INR,Not Available
17644898,Fabindia,4.1,12,1599.0,1279.0,320.0,20.0,INR,FABINDIA LIMITED
21599926,Milton,3.9,41,215.0,194.0,21.0,9.8,INR,Hamilton Housewares Private Limited
21177968,Marks & Spencer,4.2,6,1299.0,1299.0,0.0,0.0,INR,MARKS AND SPENCER RELIANCE INDIA PRIVATE LIMITED
21152734,Kibo,0.0,0,1799.0,629.0,1170.0,65.0,INR,LUEUR VESTURES PRIVATE LIMITED
21207884,Gini and Jony,0.0,0,999.0,599.0,400.0,40.0,INR,Gini & Jony Ltd
21204302,UNMADE,0.0,0,1998.0,1198.0,800.0,40.0,INR,SAS IMPEX
21158644,LilPicks,3.8,6,2799.0,812.0,1987.0,71.0,INR,Mensa Brand Technologies Private Limited
21065814,MANGO,3.9,25,3690.0,1660.0,2030.0,55.0,INR,Truenet Commerce
21599934,Milton,0.0,0,1210.0,968.0,242.0,20.0,INR,Hamilton Housewares Private Limited
22463700,HIGHLANDER,3.5,71,1949.0,599.0,1350.0,69.3,INR,S & S Marketing
21529262,Kappa,4.1,17,799.0,799.0,0.0,0.0,INR,Not Available
22463912,URBAN FOREST,0.0,0,2500.0,1149.0,1351.0,54.0,INR,ALPHA COLLECTION
19372770,White World,4.1,9,1599.0,607.0,992.0,62.0,INR,White World
19044338,Divine International Trading Co,0.0,0,6999.0,1679.0,5320.0,76.0,INR,DIVINE INTERNATIONAL TRADING CO
21121134,studio rasa,3.7,27,1299.0,649.0,650.0,50.0,INR,Taraasha Creations Pvt Ltd
20379622,YESSBENZA,4.1,7,1999.0,1999.0,0.0,0.0,INR,Raaq Creation
16592562,Louis Philippe,4.5,6,2299.0,1586.0,713.0,31.0,INR,Westbury Holdings Pvt Ltd_Madura
14905170,SWADESI STUFF,3.4,7,1995.0,299.0,1696.0,85.0,INR,SWADESI STUFF
14699288,FOREVER 21,4.0,10,1599.0,639.0,960.0,60.0,INR,Westbury Holdings Pvt Ltd_Forever21
14905176,SWADESI STUFF,3.8,24,1995.0,299.0,1696.0,85.0,INR,SWADESI STUFF
16541922,Mast & Harbour,4.1,24,699.0,328.0,371.0,53.1,INR,M/S SRIBIR OVERSEAS LTD
16572708,Khadi Natural,4.1,104,499.0,274.0,225.0,45.1,INR,KHADI NATURAL HEALTHCARE
9010009,Style Quotient,3.3,12,1499.0,449.0,1050.0,70.0,INR,Krislon Synthetics Pvt.Ltd
19515834,Sir Corbett,3.7,7,5949.0,5949.0,0.0,0.0,INR,Not Available
19228752,REFOAM,3.6,17,3979.0,835.0,3144.0,79.0,INR,REFOAM SPORTS PRIVATE LIMITED
21484990,Ms.Lingies,3.8,19,1099.0,549.0,550.0,50.0,INR,Aarti Apparels
20862710,INCOLOR,4.4,9,299.0,239.0,60.0,20.1,INR,BROADVIEW MARKETING
21519456,Gini and Jony,0.0,0,1299.0,792.0,507.0,39.0,INR,Gini & Jony Ltd
1912701,HRX by Hrithik Roshan,3.8,1044,1799.0,539.0,1260.0,70.0,INR,Omnitech Retail
21472238,KETCH,4.1,91,1849.0,480.0,1369.0,74.0,INR,Supercom Net
19111350,Septem,4.0,6,1999.0,499.0,1500.0,75.0,INR,SEPTEM ENTERPRISE
21472112,HIGHLANDER,4.1,343,2049.0,599.0,1450.0,70.8,INR,S & S Marketing
14894194,WildHorn,4.6,5,2699.0,566.0,2133.0,79.0,INR,ADL INTERNATIONAL
22437834,Bewakoof,4.1,15,1649.0,499.0,1150.0,69.7,INR,Bewakoof Brands Private Limited
22399564,UNDER ARMOUR,3.9,7,7999.0,5199.0,2800.0,35.0,INR,Supercom Net
22367930,Blissclub,4.3,18,2199.0,1299.0,900.0,40.9,INR,BLISSCLUB FITNESS PRIVATE LIMITED
20177834,Kara,0.0,0,2529.0,783.0,1746.0,69.0,INR,LEATHER LINE
16651584,Sugathari,3.6,9,1599.0,463.0,1136.0,71.0,INR,Shree Sanskruti Fashion
16660058,Creeva,0.0,0,2199.0,949.0,1250.0,56.8,INR,SOFTEK SURYA INDIA PVT LTD
16653734,Levis,4.2,99,3399.0,1869.0,1530.0,45.0,INR,Levi Strauss India Pvt Ltd
18821662,Tommy Hilfiger,4.4,7,6999.0,4899.0,2100.0,30.0,INR,Flashtech Retail
18074908,Levis,4.1,878,3199.0,3199.0,0.0,0.0,INR,Vision Star
18068114,Tokyo Talkies,3.6,151,1349.0,337.0,1012.0,75.0,INR,Vision Star
18069276,Levis,4.1,586,2899.0,1652.0,1247.0,43.0,INR,Levi Strauss India Pvt Ltd
18810398,Ruhaans,3.4,10,1499.0,629.0,870.0,58.0,INR,SHINE BOAT TRADING LLP
21161934,aturabi,0.0,0,4000.0,2320.0,1680.0,42.0,INR,SHAILENDAR TRADERS
20878752,Lee,3.8,63,2799.0,1399.0,1400.0,50.0,INR,Flashstar Commerce
21149702,Zink London,3.7,10,1999.0,899.0,1100.0,55.0,INR,FRESCO GLOBAL PRIVATE LIMITED
14424388,Tokyo Talkies,4.3,901,549.0,219.0,330.0,60.1,INR,Vision Star
22554158,MASCLN SASSAFRAS,3.7,164,2399.0,1199.0,1200.0,50.0,INR,ARDENT Retail Co.
21023364,HARBOR N BAY,0.0,0,1079.0,449.0,630.0,58.4,INR,FASHIONISTA RETAILS
21228054,Milton,4.0,8,775.0,620.0,155.0,20.0,INR,Hamilton Housewares Private Limited
11658956,WildHorn,4.3,78,2699.0,512.0,2187.0,81.0,INR,ADL INTERNATIONAL
11755370,Helix,0.0,0,1995.0,1197.0,798.0,40.0,INR,TIMEHUT RETAIL (INDIA) PRIVATE LIMITED
11748366,ExclusiveLane,3.6,10,2825.0,1610.0,1215.0,43.0,INR,ETAIL MARKETING PVT LTD
18342880,Tiny Girl,0.0,0,995.0,398.0,597.0,60.0,INR,Tiny Girl Clothing Co Pvt.Ltd
14981654,Daniel Klein,4.9,7,5250.0,3360.0,1890.0,36.0,INR,DESIGNER PROGRESSIVE INDIA LLP
14972510,Rizzly,3.7,74,1999.0,299.0,1700.0,85.0,INR,Jay Khodal Creation
15000460,CARLINGTON,3.5,2,4999.0,1149.0,3850.0,77.0,INR,CWC SALES PRIVATE LIMITED
15017874,Rizzly,3.6,9,1999.0,399.0,1600.0,80.0,INR,Jay Khodal Creation
15002364,Jockey,4.5,225,629.0,629.0,0.0,0.0,INR,Page Industries Ltd
21841102,Kara,0.0,0,999.0,349.0,650.0,65.1,INR,LEATHER LINE
